Landmarks,0,0,0,1,1,1,2,2,2,3,3,3,4,4,4,5,5,5,6,6,6,7,7,7,8,8,8,9,9,9,10,10,10,11,11,11,12,12,12,13,13,13,14,14,14,15,15,15,16,16,16,17,17,17,18,18,18,19,19,19,20,20,20,21,21,21,22,22,22,23,23,23,24,24,24,25,25,25,26,26,26,27,27,27,28,28,28,29,29,29,30,30,30,31,31,31,32,32,32,33,33,33,34,34,34,35,35,35,36,36,36,37,37,37,38,38,38,39,39,39,40,40,40,41,41,41,42,42,42,43,43,43,44,44,44,45,45,45,46,46,46,47,47,47,48,48,48,49,49,49,50,50,50,51,51,51
Coordinates,x,y,z,x,y,z,x,y,z,x,y,z,x,y,z,x,y,z,x,y,z,x,y,z,x,y,z,x,y,z,x,y,z,x,y,z,x,y,z,x,y,z,x,y,z,x,y,z,x,y,z,x,y,z,x,y,z,x,y,z,x,y,z,x,y,z,x,y,z,x,y,z,x,y,z,x,y,z,x,y,z,x,y,z,x,y,z,x,y,z,x,y,z,x,y,z,x,y,z,x,y,z,x,y,z,x,y,z,x,y,z,x,y,z,x,y,z,x,y,z,x,y,z,x,y,z,x,y,z,x,y,z,x,y,z,x,y,z,x,y,z,x,y,z,x,y,z,x,y,z,x,y,z,x,y,z
Frame,,,,,,,,,,,,,,,,,,,,,,,,,,,,,,,,,,,,,,,,,,,,,,,,,,,,,,,,,,,,,,,,,,,,,,,,,,,,,,,,,,,,,,,,,,,,,,,,,,,,,,,,,,,,,,,,,,,,,,,,,,,,,,,,,,,,,,,,,,,,,,,,,,,,,,,,,,,,
1,-0.20749583840370178,-0.4576684236526489,-0.05760296806693077,-0.16551834344863892,-0.46986332535743713,-0.07238128781318665,-0.1287996768951416,-0.4923208951950073,-0.07982510328292847,-0.10274067521095276,-0.513209879398346,-0.08749577403068542,-0.08314484357833862,-0.5346712470054626,-0.09550288319587708,-0.1465052366256714,-0.5782507061958313,-0.06859002262353897,-0.12547671794891357,-0.6242583990097046,-0.08238331973552704,-0.11279192566871643,-0.6486743688583374,-0.09453566372394562,-0.10170212388038635,-0.6700959205627441,-0.10300638526678085,-0.1704476773738861,-0.594147801399231,-0.07197833061218262,-0.15308600664138794,-0.6469113230705261,-0.08360518515110016,-0.14076748490333557,-0.6786355376243591,-0.0953742042183876,-0.1300775408744812,-0.7060841917991638,-0.10424555838108063,-0.19715934991836548,-0.5982115864753723,-0.07783785462379456,-0.18841883540153503,-0.6524375677108765,-0.0897657722234726,-0.17920523881912231,-0.6858206391334534,-0.09902697801589966,-0.169297993183136,-0.7132551670074463,-0.10548800230026245,-0.22622066736221313,-0.5923902988433838,-0.08525881171226501,-0.22837349772453308,-0.6398131251335144,-0.09638693928718567,-0.22506913542747498,-0.6702985763549805,-0.10152362287044525,-0.21946507692337036,-0.6957138776779175,-0.10465133190155029,0.24529099464416504,-0.37712323665618896,-0.057603079825639725,0.19854307174682617,-0.3970000147819519,-0.06474622339010239,0.16489875316619873,-0.4354074001312256,-0.06705109775066376,0.14426642656326294,-0.46400541067123413,-0.07015834748744965,0.1280614137649536,-0.4861172139644623,-0.07320217043161392,0.19494527578353882,-0.5138939619064331,-0.053195010870695114,0.17987275123596191,-0.5548624992370605,-0.05952955409884453,0.16999661922454834,-0.5785822868347168,-0.06775708496570587,0.16056591272354126,-0.5984659194946289,-0.07432764023542404,0.2213340401649475,-0.5246903896331787,-0.058093056082725525,0.21529579162597656,-0.5790215134620667,-0.061904262751340866,0.20838481187820435,-0.6097659468650818,-0.06844745576381683,0.19976317882537842,-0.632417619228363,-0.07383933663368225,0.24632412195205688,-0.5221723318099976,-0.06561148166656494,0.2477262020111084,-0.5754495859146118,-0.07210561633110046,0.24453455209732056,-0.606669545173645,-0.07744564116001129,0.2376810908317566,-0.6303678154945374,-0.08135678619146347,0.27004384994506836,-0.5086618661880493,-0.0742601528763771,0.27751922607421875,-0.5510818362236023,-0.0811314508318901,0.27739250659942627,-0.5754243731498718,-0.08283378183841705,0.27187830209732056,-0.593828558921814,-0.08373357355594635,-0.012805581092834473,-0.24824780225753784,-0.4871270954608917,0.06302809715270996,-0.2580494284629822,-0.1251976639032364,-0.07383197546005249,-0.25459831953048706,-0.04510122537612915,0.022379815578460693,-0.19365942478179932,-0.3888535797595978,-0.037701696157455444,-0.19834798574447632,-0.370013952255249,0.1844579577445984,0.011205136775970459,-0.06585472077131271,-0.184457927942276,-0.011205136775970459,0.06585471332073212,0.426172137260437,0.037407755851745605,-0.4973844587802887,-0.3891668915748596,-0.02682626247406006,-0.09603197872638702,0.0,0.0,0.0
2,0.3192517161369324,0.512481689453125,3.0445420406977064e-07,0.36064186692237854,0.5050293803215027,-0.013529038988053799,0.39798593521118164,0.48285534977912903,-0.020382285118103027,0.42266517877578735,0.4606418311595917,-0.027227770537137985,0.44181933999061584,0.44117265939712524,-0.03438923880457878,0.3818713128566742,0.38915708661079407,-0.007860792800784111,0.40368422865867615,0.34822335839271545,-0.019290465861558914,0.41594383120536804,0.3224937915802002,-0.030409738421440125,0.4258734881877899,0.2982978820800781,-0.038486115634441376,0.35825425386428833,0.3732115626335144,-0.010675160214304924,0.37529659271240234,0.32187533378601074,-0.020376620814204216,0.38810548186302185,0.2895107567310333,-0.030768726021051407,0.39865395426750183,0.2612665295600891,-0.03869198262691498,0.3320617973804474,0.3696863055229187,-0.015802567824721336,0.3396327793598175,0.31663617491722107,-0.026546059176325798,0.3488951325416565,0.2851434051990509,-0.0354001447558403,0.3587115406990051,0.2587584853172302,-0.04141095280647278,0.3036094307899475,0.3761098384857178,-0.022305049002170563,0.29991039633750916,0.3307991325855255,-0.03277886286377907,0.3019116222858429,0.30143192410469055,-0.03767629712820053,0.3069937527179718,0.27570950984954834,-0.04057832434773445,0.7693608999252319,0.5930874347686768,7.315376393535189e-08,0.7244628667831421,0.5718584656715393,-0.005829829256981611,0.6890750527381897,0.5300893783569336,-0.006929488852620125,0.668238639831543,0.49599677324295044,-0.009380150586366653,0.6523043513298035,0.47076675295829773,-0.011727036908268929,0.7234909534454346,0.4581676721572876,0.007530761417001486,0.7092106342315674,0.4160647988319397,9.633185982238501e-05,0.6983066201210022,0.39422890543937683,-0.00925223995000124,0.6881145238876343,0.37697833776474,-0.01612873747944832,0.7485688328742981,0.4465351700782776,0.0023896086495369673,0.7428155541419983,0.3923262059688568,-0.00109499238897115,0.7354047298431396,0.3599596619606018,-0.007848775945603848,0.7271836400032043,0.3337605893611908,-0.013501039706170559,0.7734102010726929,0.44773223996162415,-0.005542456172406673,0.7754937410354614,0.3954886198043823,-0.0110732801258564,0.7725504636764526,0.3633386790752411,-0.01580766960978508,0.7663028240203857,0.337099552154541,-0.019562583416700363,0.7975345849990845,0.4597635567188263,-0.014697534032166004,0.8061087131500244,0.4199766218662262,-0.02012850157916546,0.8058947920799255,0.39478039741516113,-0.02111763134598732,0.8007477521896362,0.3741006851196289,-0.021783115342259407,0.5086395740509033,0.7205613851547241,-0.4433566927909851,0.5863359570503235,0.7099745869636536,-0.07795652747154236,0.44738999009132385,0.7124242186546326,0.00989294983446598,0.5438570976257324,0.7755569815635681,-0.34303826093673706,0.48408088088035583,0.7691857814788818,-0.32271653413772583,0.7048157453536987,0.9811601638793945,-0.018462833017110825,0.3370174467563629,0.9556844830513,0.1447620540857315,0.9485751390457153,1.0029453039169312,-0.4670063555240631,0.135722354054451,0.946194052696228,-0.05444693565368652,0.5209165811538696,0.9684222936630249,0.06314960867166519
3,-0.20337748527526855,-0.4555714726448059,-0.04449619725346565,-0.1604539453983307,-0.4589414596557617,-0.05958428978919983,-0.11892271041870117,-0.47817540168762207,-0.06692870706319809,-0.0921119749546051,-0.4994974136352539,-0.07380280643701553,-0.07331401109695435,-0.5202670097351074,-0.08073737472295761,-0.1341756284236908,-0.5703827738761902,-0.05423591658473015,-0.10886147618293762,-0.6127334833145142,-0.06559865176677704,-0.0950804352760315,-0.6396040916442871,-0.07626204192638397,-0.08351227641105652,-0.6648074984550476,-0.08363984525203705,-0.1563584804534912,-0.591256856918335,-0.05579172819852829,-0.13740813732147217,-0.6443805694580078,-0.06498787552118301,-0.12454947829246521,-0.6820276975631714,-0.07533158361911774,-0.11445778608322144,-0.7153981924057007,-0.08295539766550064,-0.18226653337478638,-0.5997203588485718,-0.05953523516654968,-0.17218530178070068,-0.6508773565292358,-0.06958279758691788,-0.163985937833786,-0.6819195747375488,-0.07807902991771698,-0.15592831373214722,-0.7080895900726318,-0.08354958146810532,-0.2104395627975464,-0.5979360342025757,-0.06473301351070404,-0.21303200721740723,-0.6413587331771851,-0.07373641431331635,-0.21021848917007446,-0.6677505373954773,-0.07714566588401794,-0.20510071516036987,-0.6890866756439209,-0.07868935167789459,0.248174786567688,-0.3711167573928833,-0.044496435672044754,0.20142126083374023,-0.3926889896392822,-0.05261886119842529,0.16471874713897705,-0.4346610903739929,-0.055016085505485535,0.1420641541481018,-0.467818021774292,-0.05797611176967621,0.12438744306564331,-0.4925617277622223,-0.060723625123500824,0.19785982370376587,-0.5042181015014648,-0.04128608480095863,0.18259400129318237,-0.5477203130722046,-0.048886604607105255,0.1726030707359314,-0.5712904334068298,-0.057780906558036804,0.16256201267242432,-0.5908026099205017,-0.06445963680744171,0.2243483066558838,-0.5146414041519165,-0.04557336866855621,0.21950316429138184,-0.5702990293502808,-0.05032430589199066,0.21200823783874512,-0.6033519506454468,-0.057719700038433075,0.20321279764175415,-0.6301482915878296,-0.06366507709026337,0.249841570854187,-0.5126587152481079,-0.052483659237623215,0.2512822151184082,-0.5656261444091797,-0.05904290825128555,0.24843215942382812,-0.6000711917877197,-0.0647665336728096,0.2425851821899414,-0.6285962462425232,-0.06908658146858215,0.2739572525024414,-0.500177264213562,-0.06054876744747162,0.2811117172241211,-0.5407166481018066,-0.06661069393157959,0.2812652587890625,-0.567659318447113,-0.06791248172521591,0.27712124586105347,-0.5903494358062744,-0.06877654790878296,-0.014267563819885254,-0.2475927472114563,-0.501153290271759,0.06483745574951172,-0.25838083028793335,-0.12380445003509521,-0.07574900984764099,-0.2563202977180481,-0.051045071333646774,0.020920634269714355,-0.1926066279411316,-0.3993186354637146,-0.038949012756347656,-0.19934773445129395,-0.380312979221344,0.18375271558761597,0.01294034719467163,-0.08767492324113846,-0.1837526559829712,-0.012940406799316406,0.08767492324113846,0.4266362190246582,0.0385514497756958,-0.5638625621795654,-0.38773757219314575,-0.021112143993377686,-0.05804014950990677,0.0,0.0,0.0
4,0.33276888728141785,0.5191569328308105,2.998288834987761e-07,0.3743800222873688,0.5202811360359192,-0.015702607110142708,0.4167005121707916,0.5011294484138489,-0.022505365312099457,0.4432743787765503,0.4809473156929016,-0.029107633978128433,0.4627659022808075,0.46413087844848633,-0.03540971875190735,0.4036335051059723,0.4054393470287323,-0.007064309902489185,0.42759305238723755,0.36525511741638184,-0.018600638955831528,0.44107890129089355,0.33916255831718445,-0.029487956315279007,0.4523279368877411,0.3165188729763031,-0.03704867139458656,0.3821672201156616,0.38243263959884644,-0.008971174247562885,0.39729318022727966,0.32636308670043945,-0.0183174517005682,0.40794458985328674,0.2887097895145416,-0.027823839336633682,0.41621559858322144,0.25714629888534546,-0.03422985598444939,0.35712409019470215,0.3729258179664612,-0.01354033313691616,0.3658168911933899,0.31606438755989075,-0.02447611093521118,0.3741845488548279,0.28745579719543457,-0.03147050738334656,0.3822842538356781,0.2644854187965393,-0.03514701873064041,0.3300933837890625,0.37479183077812195,-0.019759532064199448,0.32848185300827026,0.3296131491661072,-0.029578205198049545,0.33097365498542786,0.3055841624736786,-0.03176993131637573,0.33495983481407166,0.287822961807251,-0.03182365745306015,0.768845796585083,0.5958852767944336,1.1617490258686303e-07,0.7228101491928101,0.5757065415382385,-0.007727502379566431,0.6881517767906189,0.5347927212715149,-0.010292943567037582,0.6673436164855957,0.5018083453178406,-0.013515601865947247,0.6505966186523438,0.47732630372047424,-0.016503289341926575,0.721035361289978,0.46094727516174316,0.0030513328965753317,0.7064080834388733,0.41871246695518494,-0.00522093940526247,0.6961695551872253,0.39711910486221313,-0.01467615645378828,0.6863194108009338,0.38058775663375854,-0.021397709846496582,0.7479860186576843,0.4496087431907654,-0.0012264157412573695,0.7428507208824158,0.39462724328041077,-0.005345234181731939,0.7352629899978638,0.3633507788181305,-0.011639032512903214,0.726080596446991,0.33939433097839355,-0.016522083431482315,0.7741692066192627,0.45191600918769836,-0.008212104439735413,0.7759348154067993,0.39829161763191223,-0.014272008091211319,0.7724428772926331,0.36573153734207153,-0.018624981865286827,0.7652980089187622,0.3392307758331299,-0.021817361935973167,0.7985250353813171,0.46599745750427246,-0.01641252636909485,0.8073838949203491,0.42641201615333557,-0.022640887647867203,0.8070025444030762,0.4006611108779907,-0.023678358644247055,0.8022114634513855,0.3791666328907013,-0.023998979479074478,0.51157546043396,0.7204506397247314,-0.44522443413734436,0.5908886194229126,0.7098435759544373,-0.0729123204946518,0.44823068380355835,0.7118562459945679,0.007119118236005306,0.5464740991592407,0.7755065560340881,-0.34424877166748047,0.48624342679977417,0.7687514424324036,-0.3247331976890564,0.7068300247192383,0.9810855984687805,-0.02486264519393444,0.3408049941062927,0.9540076851844788,0.14365695416927338,0.9490364193916321,1.005111575126648,-0.4884534478187561,0.13877636194229126,0.9556999206542969,-0.09061884135007858,0.5238175392150879,0.9675466418266296,0.05939715355634689
5,-0.17427074909210205,-0.43478333950042725,-0.048350587487220764,-0.12907463312149048,-0.43500059843063354,-0.06626583635807037,-0.08557179570198059,-0.4584450125694275,-0.07259408384561539,-0.056583136320114136,-0.48918718099594116,-0.07830080389976501,-0.033461421728134155,-0.5124056339263916,-0.08367566019296646,-0.09845283627510071,-0.5431414842605591,-0.05557679757475853,-0.06966865062713623,-0.5836282968521118,-0.06649360805749893,-0.05277642607688904,-0.6099032163619995,-0.07605932652950287,-0.03933197259902954,-0.6311718225479126,-0.08256429433822632,-0.12113207578659058,-0.5660496950149536,-0.055529143661260605,-0.09767556190490723,-0.6167209148406982,-0.0641280859708786,-0.08129441738128662,-0.647838830947876,-0.07267555594444275,-0.06764063239097595,-0.6733218431472778,-0.07864401489496231,-0.14769881963729858,-0.5758919715881348,-0.05854492634534836,-0.13195961713790894,-0.6265810132026672,-0.06910743564367294,-0.11957421898841858,-0.6590996384620667,-0.07719112932682037,-0.10705041885375977,-0.6854279637336731,-0.08237307518720627,-0.17726796865463257,-0.5752798318862915,-0.0633486807346344,-0.1777746081352234,-0.6165001392364502,-0.07430215179920197,-0.1739932894706726,-0.6422095894813538,-0.07902483642101288,-0.1680169701576233,-0.6626297235488892,-0.08132530748844147,0.26604729890823364,-0.36278432607650757,-0.048350878059864044,0.21875238418579102,-0.38510024547576904,-0.05596855282783508,0.18258607387542725,-0.4258267879486084,-0.058544255793094635,0.16156160831451416,-0.4604397416114807,-0.06232289597392082,0.14206039905548096,-0.48422107100486755,-0.06599453091621399,0.21618032455444336,-0.49548715353012085,-0.04367030784487724,0.20056551694869995,-0.5378087759017944,-0.05222974345088005,0.19114422798156738,-0.5618013143539429,-0.061999302357435226,0.18194621801376343,-0.5821070671081543,-0.06941308081150055,0.24412041902542114,-0.5076580047607422,-0.048775460571050644,0.23776167631149292,-0.5607455968856812,-0.054325029253959656,0.230962872505188,-0.5918325781822205,-0.061947327107191086,0.22348356246948242,-0.6174370050430298,-0.06800597906112671,0.2715079188346863,-0.5074315071105957,-0.05665651708841324,0.27118992805480957,-0.5570926070213318,-0.06337970495223999,0.26802754402160645,-0.5866563320159912,-0.0680818110704422,0.26248836517333984,-0.6114447116851807,-0.07169574499130249,0.2985283136367798,-0.49688681960105896,-0.06595028936862946,0.3058384656906128,-0.5353125333786011,-0.07131347060203552,0.30562782287597656,-0.5595037937164307,-0.0720105916261673,0.30101847648620605,-0.5799083709716797,-0.07258185744285583,-0.0007827281951904297,-0.247003436088562,-0.49646231532096863,0.07714676856994629,-0.25583022832870483,-0.1296665519475937,-0.07199814915657043,-0.2558547854423523,-0.058726582676172256,0.028376221656799316,-0.19168710708618164,-0.3985191583633423,-0.02965325117111206,-0.19895297288894653,-0.375588595867157,0.18300199508666992,0.013489246368408203,-0.07810785621404648,-0.18300193548202515,-0.013489305973052979,0.07810786366462708,0.42804622650146484,0.04552173614501953,-0.5665685534477234,-0.3836057186126709,0.0016353726387023926,-0.2276039868593216,0.0,0.0,0.0
6,-0.1826813519001007,-0.42022740840911865,-0.03354063630104065,-0.13713008165359497,-0.4171236753463745,-0.0529877245426178,-0.09157603979110718,-0.4388306736946106,-0.06125049293041229,-0.0608503520488739,-0.4656948447227478,-0.06833085417747498,-0.03686797618865967,-0.4871477484703064,-0.07537958025932312,-0.10146814584732056,-0.5295718908309937,-0.046869441866874695,-0.07285934686660767,-0.5737966299057007,-0.06000916287302971,-0.05670279264450073,-0.6040635704994202,-0.07093857228755951,-0.04335242509841919,-0.6288469433784485,-0.0787062793970108,-0.12517917156219482,-0.5529758930206299,-0.04671729356050491,-0.10449305176734924,-0.6039559245109558,-0.05748312920331955,-0.08983060717582703,-0.6362609267234802,-0.06800971925258636,-0.07749104499816895,-0.6631133556365967,-0.07570558041334152,-0.1533406674861908,-0.5630820989608765,-0.049257829785346985,-0.14075717329978943,-0.6151547431945801,-0.06142371520400047,-0.13084769248962402,-0.64792799949646,-0.07086433470249176,-0.12064957618713379,-0.6748596429824829,-0.07720687240362167,-0.18392804265022278,-0.5624635219573975,-0.053506020456552505,-0.1850515902042389,-0.6044976711273193,-0.06610193848609924,-0.1824096441268921,-0.6299418210983276,-0.07208886742591858,-0.17746642231941223,-0.6492915153503418,-0.07523307204246521,0.27856874465942383,-0.3505910038948059,-0.03354087099432945,0.233110249042511,-0.37324583530426025,-0.04402816668152809,0.1974673867225647,-0.41158634424209595,-0.049034588038921356,0.17573446035385132,-0.44479483366012573,-0.054522622376680374,0.15724992752075195,-0.4696035385131836,-0.0598810575902462,0.23093348741531372,-0.4886525571346283,-0.03369477763772011,0.2144445776939392,-0.5326210856437683,-0.043256960809230804,0.20490986108779907,-0.5562131404876709,-0.053519107401371,0.19586443901062012,-0.576911449432373,-0.06135876476764679,0.2585434913635254,-0.49950599670410156,-0.038067229092121124,0.2543898820877075,-0.553145170211792,-0.045011602342128754,0.2487052083015442,-0.5843009948730469,-0.053796056658029556,0.2420666217803955,-0.6104289889335632,-0.060649074614048004,0.28458261489868164,-0.4958188831806183,-0.04523430019617081,0.2900354862213135,-0.5474100112915039,-0.05387509614229202,0.29009348154067993,-0.5794013142585754,-0.06040434539318085,0.28702449798583984,-0.6068887114524841,-0.06523831188678741,0.30868828296661377,-0.480270653963089,-0.05371570587158203,0.3181641101837158,-0.5180360078811646,-0.06161779165267944,0.3196892738342285,-0.5435173511505127,-0.06370553374290466,0.3171653151512146,-0.5663163661956787,-0.0650838166475296,0.01257413625717163,-0.23936843872070312,-0.5000249147415161,0.08318066596984863,-0.2527514100074768,-0.1358514130115509,-0.061659783124923706,-0.25558197498321533,-0.0493016242980957,0.034945011138916016,-0.18489134311676025,-0.40236327052116394,-0.013113200664520264,-0.19283908605575562,-0.37876778841018677,0.17898029088974,0.013492226600646973,-0.08815883100032806,-0.17898023128509521,-0.013492226600646973,0.08815882354974747,0.42666399478912354,0.0456886887550354,-0.5541828870773315,-0.38962873816490173,0.006383538246154785,-0.20667429268360138,0.0,0.0,0.0
7,0.3545875549316406,0.5464630126953125,3.836256041722663e-07,0.4017044007778168,0.5499701499938965,-0.02184481918811798,0.4470188021659851,0.5301315784454346,-0.03062439151108265,0.47830474376678467,0.501562237739563,-0.03802705183625221,0.5033243894577026,0.47991305589675903,-0.04490448907017708,0.4347740113735199,0.43819528818130493,-0.011119304224848747,0.4646715819835663,0.3975425958633423,-0.02347126230597496,0.4832322299480438,0.3700487017631531,-0.03415394201874733,0.4982517957687378,0.3481995761394501,-0.04147264361381531,0.4119815528392792,0.4130949079990387,-0.008612130768597126,0.43400144577026367,0.36528217792510986,-0.018809203058481216,0.44987621903419495,0.3335421681404114,-0.02857261523604393,0.463664174079895,0.30660808086395264,-0.03532494604587555,0.3856923580169678,0.39976879954338074,-0.00929513480514288,0.39977386593818665,0.34967899322509766,-0.020582852885127068,0.409952312707901,0.32028433680534363,-0.028630292043089867,0.4199921786785126,0.2968416213989258,-0.03359523415565491,0.35760143399238586,0.3962584137916565,-0.01212284155189991,0.36031144857406616,0.3565618395805359,-0.023076195269823074,0.36428341269493103,0.33429020643234253,-0.027779661118984222,0.3689517378807068,0.3177392780780792,-0.029754867777228355,0.820855438709259,0.6259777545928955,1.1601229488178433e-07,0.7755484580993652,0.5980717539787292,-0.00887867622077465,0.7420963644981384,0.5584574937820435,-0.01310449093580246,0.7219210863113403,0.5250014066696167,-0.017963947728276253,0.7037594318389893,0.5005724430084229,-0.022753972560167313,0.7762913107872009,0.48792484402656555,0.0010278871050104499,0.7605775594711304,0.4409101903438568,-0.008026344701647758,0.7523401975631714,0.41516298055648804,-0.017940467223525047,0.7448686957359314,0.3918455243110657,-0.02549772523343563,0.8037978410720825,0.47904595732688904,-0.004038868471980095,0.7982549667358398,0.421458899974823,-0.009945784695446491,0.793142557144165,0.3878431022167206,-0.018402040004730225,0.7880309820175171,0.35941609740257263,-0.025215178728103638,0.8297709226608276,0.4833436906337738,-0.011700312606990337,0.8332881927490234,0.4289073348045349,-0.019459731876850128,0.8323057889938354,0.39532917737960815,-0.026349466294050217,0.8287420868873596,0.36632412672042847,-0.0317104235291481,0.8544938564300537,0.4992012083530426,-0.02054089680314064,0.8665688633918762,0.46026724576950073,-0.0276738703250885,0.8690629005432129,0.43313848972320557,-0.03019181825220585,0.8675895929336548,0.4079282879829407,-0.032128650695085526,0.5597812533378601,0.7306368350982666,-0.5155697464942932,0.6281920671463013,0.7180919051170349,-0.12054286897182465,0.4795985221862793,0.7118565440177917,-0.06474767625331879,0.5795372724533081,0.7868148684501648,-0.4063035547733307,0.535244882106781,0.7779864072799683,-0.3943963050842285,0.7185184955596924,0.9811248779296875,-0.06749153137207031,0.3577660024166107,0.9562402963638306,0.10187704861164093,0.9629570245742798,1.0095317363739014,-0.5282188653945923,0.14270612597465515,0.9745427966117859,-0.17473623156547546,0.5381422638893127,0.968682587146759,0.01719275861978531
8,-0.19604691863059998,-0.42255228757858276,0.021101800724864006,-0.14722639322280884,-0.41494619846343994,0.002345126122236252,-0.1024404764175415,-0.4351499080657959,-0.00536644272506237,-0.07245969772338867,-0.46347612142562866,-0.011740010231733322,-0.04824143648147583,-0.48691117763519287,-0.01813264563679695,-0.11433342099189758,-0.5223320722579956,0.006666692905128002,-0.08431077003479004,-0.5648283958435059,-0.005296582356095314,-0.06716570258140564,-0.5930786728858948,-0.014811184257268906,-0.05343282222747803,-0.6168472766876221,-0.021820522844791412,-0.13811320066452026,-0.5494714975357056,0.006760710850358009,-0.11300304532051086,-0.6016867160797119,-0.0037857741117477417,-0.09605139493942261,-0.6338142156600952,-0.013830393552780151,-0.08135724067687988,-0.660394012928009,-0.021205715835094452,-0.16733527183532715,-0.5624860525131226,0.0044724345207214355,-0.15120398998260498,-0.6155150532722473,-0.008665533736348152,-0.13953816890716553,-0.6470352411270142,-0.018739957362413406,-0.1276705265045166,-0.6725104451179504,-0.02541797235608101,-0.19867736101150513,-0.5642192959785461,0.0009052697569131851,-0.19992873072624207,-0.6083284616470337,-0.01333027333021164,-0.19679760932922363,-0.6330758333206177,-0.020221054553985596,-0.19105204939842224,-0.650811493396759,-0.023882895708084106,0.2838042378425598,-0.3350578546524048,0.021101582795381546,0.23958051204681396,-0.36409467458724976,0.008086614310741425,0.20643556118011475,-0.4036597013473511,0.001065090298652649,0.1846987009048462,-0.4387565851211548,-0.005864834412932396,0.16651785373687744,-0.4682556390762329,-0.012366574257612228,0.24258887767791748,-0.47608938813209534,0.018084844574332237,0.2277369499206543,-0.5249643325805664,0.0068585630506277084,0.2194649577140808,-0.552520751953125,-0.004456445574760437,0.2125641107559204,-0.5774270296096802,-0.012826021760702133,0.27032673358917236,-0.48421722650527954,0.014290999621152878,0.2673271894454956,-0.5430450439453125,0.0061592524871230125,0.26364612579345703,-0.5778948068618774,-0.00329660065472126,0.25985467433929443,-0.6066066026687622,-0.0105011947453022,0.29639387130737305,-0.4789428114891052,0.007504455745220184,0.30175042152404785,-0.5338323712348938,-0.0021330509334802628,0.30342763662338257,-0.5682594776153564,-0.009054960682988167,0.302501380443573,-0.5977028608322144,-0.014032632112503052,0.3207671642303467,-0.4621279239654541,-0.0007988512516021729,0.33234870433807373,-0.5019121170043945,-0.009170681238174438,0.3362950086593628,-0.5286962985992432,-0.01148485392332077,0.33668041229248047,-0.5529227256774902,-0.012964829802513123,0.027282893657684326,-0.23687463998794556,-0.5550483465194702,0.09436118602752686,-0.24466091394424438,-0.16043534874916077,-0.05344906449317932,-0.2588820457458496,-0.09108812361955643,0.044402241706848145,-0.17934346199035645,-0.44490545988082886,0.0030480027198791504,-0.18973463773727417,-0.4295390844345093,0.1834995150566101,0.014301061630249023,-0.10716709494590759,-0.18349957466125488,-0.014301002025604248,0.10716709494590759,0.4205169677734375,0.0421297550201416,-0.5933471322059631,-0.40862181782722473,0.008592545986175537,-0.15364661812782288,0.0,0.0,0.0
9,-0.18778899312019348,-0.4169601798057556,0.01139097474515438,-0.1368873417377472,-0.4211539626121521,-0.0022328179329633713,-0.0902768075466156,-0.44643598794937134,-0.006813906133174896,-0.06324648857116699,-0.47382253408432007,-0.011691346764564514,-0.04201960563659668,-0.49285727739334106,-0.016586488112807274,-0.10514923930168152,-0.5317102074623108,0.0058331917971372604,-0.07781583070755005,-0.5757250785827637,-0.005132468417286873,-0.06120407581329346,-0.6045231819152832,-0.014786014333367348,-0.04738640785217285,-0.6287263035774231,-0.021696701645851135,-0.1299063265323639,-0.5541778802871704,0.003597005270421505,-0.10949784517288208,-0.6081437468528748,-0.006272515282034874,-0.09409782290458679,-0.6422052383422852,-0.01621883176267147,-0.08088517189025879,-0.6698102355003357,-0.023314066231250763,-0.1567116379737854,-0.5637146830558777,-0.0010688481852412224,-0.1429254710674286,-0.6195094585418701,-0.011793568730354309,-0.1321738064289093,-0.6528586149215698,-0.02012404054403305,-0.12184867262840271,-0.6781498789787292,-0.02547881007194519,-0.18473166227340698,-0.5623552799224854,-0.00722365640103817,-0.18283921480178833,-0.611410915851593,-0.017174741253256798,-0.17653238773345947,-0.6414003372192383,-0.02179218828678131,-0.16880303621292114,-0.6649735569953918,-0.024210941046476364,0.3013496994972229,-0.3095178008079529,0.011390737257897854,0.2596656084060669,-0.344211220741272,-0.0006304793059825897,0.22848880290985107,-0.38552314043045044,-0.006421737372875214,0.20968657732009888,-0.4188731908798218,-0.012347908690571785,0.19755399227142334,-0.4497010111808777,-0.017949281260371208,0.2723010778427124,-0.4556081295013428,0.00801708921790123,0.2635580897331238,-0.5071176290512085,-0.0023056035861372948,0.25700926780700684,-0.5365533232688904,-0.013064011931419373,0.2510110139846802,-0.5621086955070496,-0.02108507603406906,0.30133897066116333,-0.4613090753555298,0.004254146013408899,0.3031524419784546,-0.5192613005638123,-0.002177148126065731,0.30254316329956055,-0.5522785186767578,-0.010882984846830368,0.3010936975479126,-0.5801346302032471,-0.01796676032245159,0.3276135325431824,-0.4553712010383606,-0.00214435625821352,0.3382539749145508,-0.5082240104675293,-0.009935341775417328,0.3426486849784851,-0.5400658845901489,-0.015249557793140411,0.3446394205093384,-0.5648161768913269,-0.019257308915257454,0.34998613595962524,-0.43787360191345215,-0.010128984227776527,0.3616931438446045,-0.4761773943901062,-0.016253963112831116,0.36823558807373047,-0.5000916719436646,-0.01622733473777771,0.372647762298584,-0.519668698310852,-0.016091516241431236,0.03244107961654663,-0.23074859380722046,-0.5428836345672607,0.0991894006729126,-0.2378728985786438,-0.15438957512378693,-0.04354912042617798,-0.25918692350387573,-0.08982623368501663,0.047626793384552,-0.17219364643096924,-0.43415358662605286,0.0088348388671875,-0.1839355230331421,-0.42016324400901794,0.18316733837127686,0.01739513874053955,-0.10020746290683746,-0.18316739797592163,-0.01739513874053955,0.10020746290683746,0.41325658559799194,0.0443761944770813,-0.5826812982559204,-0.4180580973625183,0.00898289680480957,-0.14370447397232056,0.0,0.0,0.0
10,0.37186330556869507,0.5426901578903198,3.2938351068878546e-07,0.42368653416633606,0.5448676347732544,-0.01520532462745905,0.4730624854564667,0.5249029397964478,-0.02023627609014511,0.5016940832138062,0.4964261054992676,-0.024798167869448662,0.523361086845398,0.472243994474411,-0.029037021100521088,0.45958399772644043,0.43933406472206116,-0.005318330135196447,0.48789238929748535,0.3983626067638397,-0.01605280302464962,0.504706084728241,0.3701847791671753,-0.025903211906552315,0.5184141397476196,0.3467849791049957,-0.03284577280282974,0.43555957078933716,0.41493871808052063,-0.006202413234859705,0.45857736468315125,0.36071327328681946,-0.015397881157696247,0.4750533998012543,0.32637447118759155,-0.02519984170794487,0.4892348051071167,0.29813238978385925,-0.032242607325315475,0.4091218113899231,0.4035215973854065,-0.009678599424660206,0.42516809701919556,0.34957194328308105,-0.019908949732780457,0.43704164028167725,0.31729739904403687,-0.02779855951666832,0.4481910467147827,0.29190492630004883,-0.03283770754933357,0.38117966055870056,0.4023805558681488,-0.014729422517120838,0.3838537931442261,0.35646718740463257,-0.024268725886940956,0.38846588134765625,0.3285793364048004,-0.028278810903429985,0.3940180838108063,0.3063068389892578,-0.03008788265287876,0.8796003460884094,0.6689545512199402,1.4309945584045636e-07,0.8351127505302429,0.6292226314544678,-0.009172135032713413,0.8057860732078552,0.5838133692741394,-0.01361330971121788,0.7905738949775696,0.5469285249710083,-0.01920454576611519,0.7833427786827087,0.520851194858551,-0.024646129459142685,0.8526918888092041,0.5260469913482666,0.0021342155523598194,0.8432462215423584,0.4746975898742676,-0.007600853219628334,0.8384671807289124,0.4430915117263794,-0.0178051944822073,0.8350704908370972,0.41679397225379944,-0.025387125089764595,0.8823516964912415,0.5236436724662781,-0.0032421827781945467,0.8869916200637817,0.4634401202201843,-0.010156984440982342,0.8879644274711609,0.4268479347229004,-0.018613221123814583,0.8889879584312439,0.3977733254432678,-0.024961665272712708,0.9090830087661743,0.5318392515182495,-0.011398332193493843,0.9204092621803284,0.47674188017845154,-0.019464492797851562,0.925584614276886,0.4419061541557312,-0.025114204734563828,0.9290004968643188,0.4140695333480835,-0.02917713113129139,0.9325426816940308,0.5501807928085327,-0.0209825336933136,0.9485791921615601,0.5128111839294434,-0.02707670070230961,0.9560977816581726,0.48556891083717346,-0.027678927406668663,0.9605306386947632,0.46142712235450745,-0.028103653341531754,0.6003344058990479,0.7457440495491028,-0.5844155550003052,0.665755033493042,0.7375210523605347,-0.21902768313884735,0.5247198939323425,0.7133858799934387,-0.12342005968093872,0.6159754395484924,0.805016279220581,-0.48282045125961304,0.5776079893112183,0.7936002016067505,-0.4601142406463623,0.7549446225166321,0.9934293031692505,-0.16617712378501892,0.3857484757900238,0.9532979726791382,0.07326589524745941,0.9760867357254028,1.0271797180175781,-0.6428452730178833,0.14051929116249084,0.9793758392333984,-0.14046092331409454,0.5703465342521667,0.9733636379241943,-0.046455614268779755
11,-0.20656973123550415,-0.4365171790122986,0.06736153364181519,-0.15682190656661987,-0.43420493602752686,0.051066040992736816,-0.10942152142524719,-0.4572157859802246,0.045038897544145584,-0.07984423637390137,-0.48370835185050964,0.03954644873738289,-0.0553552508354187,-0.5029473304748535,0.03391841799020767,-0.11970445513725281,-0.5382407307624817,0.055710840970277786,-0.09466338157653809,-0.5846832394599915,0.04304128885269165,-0.07941773533821106,-0.6163103580474854,0.03297176584601402,-0.06672126054763794,-0.6423360109329224,0.025872454047203064,-0.1444198489189148,-0.5613573789596558,0.05499754846096039,-0.1241384744644165,-0.6163532733917236,0.04345494881272316,-0.10952848196029663,-0.6514891982078552,0.03318585455417633,-0.09650522470474243,-0.681069552898407,0.02584036812186241,-0.17194196581840515,-0.5724441409111023,0.051965758204460144,-0.15878969430923462,-0.6260275840759277,0.03976160287857056,-0.1500469446182251,-0.6599331498146057,0.03179967775940895,-0.14135900139808655,-0.6875994205474854,0.026817385107278824,-0.20060887932777405,-0.574529767036438,0.04738838970661163,-0.196120947599411,-0.6195870041847229,0.03621800243854523,-0.19100886583328247,-0.6473576426506042,0.031397659331560135,-0.18571466207504272,-0.6697629690170288,0.02900594472885132,0.3135175108909607,-0.2983675003051758,0.06736142933368683,0.26832616329193115,-0.3375898599624634,0.05620606616139412,0.2395445704460144,-0.3845527768135071,0.050314657390117645,0.22362762689590454,-0.4230085015296936,0.044016920030117035,0.21425485610961914,-0.449146568775177,0.03800714761018753,0.2850532531738281,-0.4469836354255676,0.06543347984552383,0.2760043740272522,-0.5003394484519958,0.05551370605826378,0.2707105278968811,-0.5325216054916382,0.045704424381256104,0.2669191360473633,-0.5592725276947021,0.03865760564804077,0.31494176387786865,-0.44956064224243164,0.06111231818795204,0.3199530839920044,-0.5098921060562134,0.054373741149902344,0.32107383012771606,-0.5460902452468872,0.04667195305228233,0.3221885561943054,-0.5755900144577026,0.04106803238391876,0.341835618019104,-0.4401792883872986,0.05408808961510658,0.35333895683288574,-0.4956498146057129,0.046145036816596985,0.35861849784851074,-0.5307744145393372,0.040786582976579666,0.3618829846382141,-0.5596654415130615,0.03707814961671829,0.3655012249946594,-0.41970252990722656,0.04557187110185623,0.3817855715751648,-0.4588004946708679,0.038983963429927826,0.3900756239891052,-0.486341267824173,0.03830016776919365,0.39604973793029785,-0.5103441476821899,0.038195040076971054,0.025735795497894287,-0.22953224182128906,-0.5380322337150574,0.0903470516204834,-0.23819631338119507,-0.18462258577346802,-0.048689424991607666,-0.2615852952003479,-0.06816992163658142,0.0423283576965332,-0.17049115896224976,-0.44345033168792725,0.0023102760314941406,-0.1814519166946411,-0.4139280915260315,0.18442785739898682,0.0216638445854187,-0.12341688573360443,-0.18442785739898682,-0.0216638445854187,0.12341687828302383,0.4258061647415161,0.1434999704360962,-0.5909584164619446,-0.4351222813129425,0.005046844482421875,-0.07947102189064026,0.0,0.0,0.0
12,-0.23706501722335815,-0.43064796924591064,0.06832074373960495,-0.18992570042610168,-0.4315177798271179,0.05179411172866821,-0.14612120389938354,-0.4536021947860718,0.04702673479914665,-0.115854412317276,-0.4763529896736145,0.04290653020143509,-0.09695369005203247,-0.4974405765533447,0.038831163197755814,-0.15506303310394287,-0.5446326732635498,0.0615590363740921,-0.1301678717136383,-0.585101306438446,0.05235084518790245,-0.1171410083770752,-0.6122702360153198,0.04264712333679199,-0.1077098548412323,-0.6369756460189819,0.034993354231119156,-0.1790599524974823,-0.5678587555885315,0.060705576092004776,-0.1589391529560089,-0.6160891056060791,0.05290775001049042,-0.14761748909950256,-0.6481698155403137,0.04256889969110489,-0.1387200653553009,-0.6759292483329773,0.03439461439847946,-0.20762693881988525,-0.5780742168426514,0.057223543524742126,-0.1933830976486206,-0.6298116445541382,0.04770132899284363,-0.18569833040237427,-0.6618044972419739,0.0382966473698616,-0.1784631609916687,-0.6886903047561646,0.03134217485785484,-0.23876500129699707,-0.5743852853775024,0.052025988698005676,-0.23923659324645996,-0.6158857345581055,0.04190681874752045,-0.2394891083240509,-0.6420400142669678,0.03649047389626503,-0.23761388659477234,-0.6634739637374878,0.033138349652290344,0.3186788558959961,-0.2990054488182068,0.06832069158554077,0.273784339427948,-0.34035366773605347,0.056423552334308624,0.24436455965042114,-0.38595861196517944,0.050205864012241364,0.22748738527297974,-0.42314857244491577,0.04388798773288727,0.2168787717819214,-0.45577937364578247,0.03776484355330467,0.2893732786178589,-0.44861000776290894,0.06528261303901672,0.28142762184143066,-0.5023601055145264,0.05446138232946396,0.2775583267211914,-0.5352087616920471,0.0438348725438118,0.2752036452293396,-0.56406170129776,0.0361400842666626,0.32022714614868164,-0.4508160352706909,0.0613689124584198,0.3258119225502014,-0.5112704634666443,0.05355235934257507,0.3265419006347656,-0.5487667322158813,0.044461414217948914,0.32644617557525635,-0.5805014371871948,0.03757723420858383,0.3471696972846985,-0.44145631790161133,0.05469084158539772,0.36041074991226196,-0.49607741832733154,0.04544650763273239,0.3647039532661438,-0.5316755175590515,0.03915196657180786,0.365924596786499,-0.5624563097953796,0.034774910658597946,0.37020206451416016,-0.4213882088661194,0.04662642627954483,0.38832777738571167,-0.46004343032836914,0.03901124745607376,0.3960942029953003,-0.4867478013038635,0.03777611628174782,0.4002792239189148,-0.5107942819595337,0.037260688841342926,0.026081442832946777,-0.2282351851463318,-0.516601026058197,0.09101349115371704,-0.23623371124267578,-0.15196950733661652,-0.04892975091934204,-0.2596067786216736,-0.05957254767417908,0.04434090852737427,-0.16906404495239258,-0.41759806871414185,0.001293182373046875,-0.17990553379058838,-0.3949832320213318,0.1836303472518921,0.024456679821014404,-0.09702043235301971,-0.1836303174495697,-0.02445662021636963,0.09702043235301971,0.43095266819000244,0.1625208854675293,-0.5701668858528137,-0.4322093725204468,0.006764888763427734,-0.3085857629776001,0.0,0.0,0.0
13,0.3183128833770752,0.5416706800460815,2.8219781711413816e-07,0.36370140314102173,0.5397700667381287,-0.015451470389962196,0.4055168628692627,0.5179072022438049,-0.02235450968146324,0.434854656457901,0.4953533411026001,-0.029003601521253586,0.4537453055381775,0.47415003180503845,-0.03577279672026634,0.39442065358161926,0.43141523003578186,-0.011824371293187141,0.418944776058197,0.3887139856815338,-0.023739304393529892,0.43205881118774414,0.3603143095970154,-0.034407757222652435,0.44237709045410156,0.335040807723999,-0.04213776811957359,0.3705909252166748,0.40869140625,-0.013474875129759312,0.387265682220459,0.35524260997772217,-0.02375088445842266,0.3980846107006073,0.31845206022262573,-0.03417036309838295,0.40636956691741943,0.2857564091682434,-0.04184888303279877,0.3431023061275482,0.39953863620758057,-0.017110861837863922,0.3540855348110199,0.34689149260520935,-0.02767786756157875,0.3602977693080902,0.3152485489845276,-0.035418637096881866,0.36629918217658997,0.28734976053237915,-0.04073241353034973,0.31470924615859985,0.4013923108577728,-0.022265974432229996,0.31411346793174744,0.36139345169067383,-0.03239931911230087,0.3160008192062378,0.3369281589984894,-0.03633968532085419,0.3183463513851166,0.3179401755332947,-0.038084499537944794,0.8811200857162476,0.6599429249763489,2.418179008145671e-07,0.8357069492340088,0.620266854763031,-0.010531961917877197,0.8046360611915588,0.5774007439613342,-0.015069921500980854,0.7874334454536438,0.5417633652687073,-0.019987428560853004,0.7758331298828125,0.5120232105255127,-0.02466438338160515,0.8484690189361572,0.5141186118125916,0.00212050206027925,0.8394941687583923,0.46208488941192627,-0.0059721264988183975,0.8355429768562317,0.42969784140586853,-0.015174445696175098,0.8335469365119934,0.40171825885772705,-0.022213343530893326,0.8786857724189758,0.5114791393280029,-0.0015776840737089515,0.8830307126045227,0.45241421461105347,-0.00719835702329874,0.8841490745544434,0.41648638248443604,-0.015321764163672924,0.88498455286026,0.3864491581916809,-0.021898386999964714,0.905625581741333,0.5190003514289856,-0.008244701661169529,0.917988121509552,0.46603432297706604,-0.01589597389101982,0.9224116206169128,0.43094033002853394,-0.022519266232848167,0.9245879650115967,0.4018174707889557,-0.027432572096586227,0.9294672012329102,0.5368540287017822,-0.016326239332556725,0.9473063349723816,0.4994518756866455,-0.023102831095457077,0.9553954601287842,0.4723074436187744,-0.0252855122089386,0.9604951739311218,0.447306752204895,-0.026777999475598335,0.5931761860847473,0.7451820969581604,-0.6003029346466064,0.6587678790092468,0.7370251417160034,-0.22291235625743866,0.5183916687965393,0.7142164707183838,-0.16304942965507507,0.6129050850868225,0.8045202493667603,-0.4971258044242859,0.5679293870925903,0.7937347888946533,-0.48304882645606995,0.7524797320365906,0.9979068636894226,-0.14763161540031433,0.384162962436676,0.9468785524368286,-0.04195256531238556,1.0049512386322021,1.1371724605560303,-0.6225818991661072,0.13832560181617737,0.9819372296333313,-0.5276217460632324,0.5683213472366333,0.9723926782608032,-0.09479209035634995
14,-0.2526897192001343,-0.42117953300476074,0.029722684994339943,-0.20864790678024292,-0.42732441425323486,0.013492831960320473,-0.1673833131790161,-0.44928282499313354,0.007218718528747559,-0.1389763057231903,-0.4748380482196808,0.0014865454286336899,-0.11905136704444885,-0.4998408555984497,-0.004089977592229843,-0.18428587913513184,-0.5422143936157227,0.021466797217726707,-0.16112297773361206,-0.5840836763381958,0.011399948969483376,-0.1489241123199463,-0.6110690832138062,0.0016198400408029556,-0.13942524790763855,-0.6353000402450562,-0.005629014223814011,-0.20831900835037231,-0.5617287158966064,0.02036348730325699,-0.1911623477935791,-0.614339292049408,0.011753512546420097,-0.17981436848640442,-0.6478585004806519,0.002296164631843567,-0.1711609661579132,-0.6762853860855103,-0.004686303436756134,-0.23532122373580933,-0.5673007965087891,0.01669309288263321,-0.22750064730644226,-0.6218574047088623,0.006697662174701691,-0.22125625610351562,-0.6543166041374207,-0.0016687624156475067,-0.2143007516860962,-0.6825140714645386,-0.0073973312973976135,-0.2637578248977661,-0.5608402490615845,0.0113479383289814,-0.2690508961677551,-0.6044583320617676,0.00029320456087589264,-0.2689061760902405,-0.6337909698486328,-0.005243442952632904,-0.2658975124359131,-0.6596540808677673,-0.008170157670974731,0.2983323335647583,-0.33034372329711914,0.02972261793911457,0.2532885670661926,-0.36629772186279297,0.019787512719631195,0.22195923328399658,-0.4049873352050781,0.015135537832975388,0.2048378586769104,-0.4367617964744568,0.010041538625955582,0.19422239065170288,-0.46563732624053955,0.005174377933144569,0.2650970220565796,-0.47280821204185486,0.03075358457863331,0.25561368465423584,-0.524940013885498,0.02284238114953041,0.2503385543823242,-0.5567967891693115,0.013874908909201622,0.24606800079345703,-0.5841670632362366,0.007101230323314667,0.2955682873725891,-0.47771328687667847,0.026984522119164467,0.298928439617157,-0.5357229113578796,0.02221069112420082,0.2985472083091736,-0.5692671537399292,0.014965328387916088,0.2975635528564453,-0.5975417494773865,0.008928587660193443,0.3228270411491394,-0.47203755378723145,0.020467722788453102,0.33376890420913696,-0.5240011215209961,0.014222679659724236,0.336696982383728,-0.5564178824424744,0.009471455588936806,0.3369449973106384,-0.5824638605117798,0.005668964236974716,0.34664320945739746,-0.45578932762145996,0.012484956532716751,0.3623872399330139,-0.49343326687812805,0.00710458867251873,0.3691953420639038,-0.5184022188186646,0.0066540297120809555,0.37238067388534546,-0.5404616594314575,0.006414281204342842,0.017579197883605957,-0.22711020708084106,-0.5018302798271179,0.08932101726531982,-0.23544055223464966,-0.16295957565307617,-0.05656540393829346,-0.25666356086730957,-0.04372681304812431,0.045064568519592285,-0.1674104928970337,-0.4121330976486206,-0.009372353553771973,-0.17711412906646729,-0.3822087347507477,0.1837538480758667,0.02551877498626709,-0.09452147781848907,-0.1837538182735443,-0.025518834590911865,0.09452147781848907,0.4364888668060303,0.16627418994903564,-0.5787280201911926,-0.42817097902297974,0.010646164417266846,-0.2603825330734253,0.0,0.0,0.0
15,-0.26147258281707764,-0.41564661264419556,-0.0275130495429039,-0.2186005711555481,-0.4306528568267822,-0.04425527900457382,-0.18072086572647095,-0.45789259672164917,-0.05047721415758133,-0.15437260270118713,-0.4862261116504669,-0.05634558945894241,-0.13615334033966064,-0.512518584728241,-0.06233840063214302,-0.20066019892692566,-0.5436625480651855,-0.03384188935160637,-0.1805037260055542,-0.5877685546875,-0.04472849890589714,-0.17051410675048828,-0.6172887086868286,-0.05599183216691017,-0.16282916069030762,-0.6437642574310303,-0.0642995536327362,-0.22593921422958374,-0.5589421391487122,-0.03470132127404213,-0.21273285150527954,-0.6111893653869629,-0.04361245781183243,-0.2042364776134491,-0.6441088914871216,-0.05403364077210426,-0.19761300086975098,-0.6717263460159302,-0.061810191720724106,-0.25300025939941406,-0.560334324836731,-0.038431040942668915,-0.2481406033039093,-0.6126435399055481,-0.048145800828933716,-0.24407511949539185,-0.6456579566001892,-0.05636495351791382,-0.2393239140510559,-0.6726800799369812,-0.0621335543692112,-0.2812677323818207,-0.550090491771698,-0.04411260038614273,-0.2887767553329468,-0.5910956859588623,-0.054104145616292953,-0.29147833585739136,-0.6183067560195923,-0.05884501710534096,-0.2919017970561981,-0.640701174736023,-0.0613560788333416,0.2789198160171509,-0.3526676893234253,-0.02751307375729084,0.2311406135559082,-0.3824663758277893,-0.037944238632917404,0.19817417860031128,-0.4237954020500183,-0.04223897308111191,0.17869806289672852,-0.4580124616622925,-0.046934824436903,0.16319668292999268,-0.4867752194404602,-0.05159251391887665,0.2370014786720276,-0.4944748282432556,-0.02642570063471794,0.222913920879364,-0.5465972423553467,-0.033729273825883865,0.21508020162582397,-0.5773903131484985,-0.0420386902987957,0.20908987522125244,-0.6050961017608643,-0.04846417158842087,0.26586103439331055,-0.5016496777534485,-0.030178919434547424,0.265377938747406,-0.5625118017196655,-0.03485831245779991,0.2621738314628601,-0.5979233384132385,-0.04196028411388397,0.25865066051483154,-0.6274594068527222,-0.04774051159620285,0.2925577759742737,-0.49640607833862305,-0.036798685789108276,0.2985450029373169,-0.5525413751602173,-0.043798983097076416,0.29942381381988525,-0.5867209434509277,-0.04987508803606033,0.2985590100288391,-0.6157363653182983,-0.05446834862232208,0.3168210983276367,-0.4807165265083313,-0.04485626518726349,0.33020997047424316,-0.5214071273803711,-0.05173451453447342,0.33570533990859985,-0.5484331846237183,-0.05412405729293823,0.3381555676460266,-0.5734203457832336,-0.05570606887340546,-0.01599174737930298,-0.2274026870727539,-0.5330175161361694,0.06615585088729858,-0.23830091953277588,-0.2185671031475067,-0.06794622540473938,-0.2559124827384949,-0.022044681012630463,0.023344695568084717,-0.16727179288864136,-0.4519934356212616,-0.035237789154052734,-0.17701297998428345,-0.3982122540473938,0.1836959719657898,0.02513676881790161,-0.16624489426612854,-0.18369600176811218,-0.025136709213256836,0.16624489426612854,0.42916566133499146,0.0702749490737915,-0.6453145146369934,-0.41524115204811096,0.008514225482940674,0.12016285210847855,0.0,0.0,0.0
16,0.2999117970466614,0.5548164248466492,3.366553755768109e-07,0.34268826246261597,0.5393498539924622,-0.01504477672278881,0.37978503108024597,0.5098491311073303,-0.02133728191256523,0.4050018787384033,0.4829521179199219,-0.027206825092434883,0.42165613174438477,0.45731210708618164,-0.033056989312171936,0.35949692130088806,0.4299464523792267,-0.006786623504012823,0.37881770730018616,0.3830224871635437,-0.017675142735242844,0.3881528973579407,0.3522542417049408,-0.028189314529299736,0.39536142349243164,0.3249002993106842,-0.035683151334524155,0.3345284163951874,0.41477853059768677,-0.008310012519359589,0.3488522469997406,0.3584866225719452,-0.017310194671154022,0.35787779092788696,0.3221783936023712,-0.0271247960627079,0.36472493410110474,0.29195255041122437,-0.034180182963609695,0.30690282583236694,0.41228026151657104,-0.012401913292706013,0.3120667636394501,0.3563419580459595,-0.02242542989552021,0.3170827627182007,0.3216992914676666,-0.03016890585422516,0.3221341669559479,0.2926788926124573,-0.03519175946712494,0.27812460064888,0.41954219341278076,-0.018046051263809204,0.2762609124183655,0.3750014305114746,-0.027449196204543114,0.27683573961257935,0.34773966670036316,-0.03091532737016678,0.2787996530532837,0.3249790668487549,-0.032512396574020386,0.8419385552406311,0.6106659173965454,2.2196238091964915e-07,0.7935478091239929,0.5798068642616272,-0.011689657345414162,0.759676456451416,0.5400518178939819,-0.017206773161888123,0.7379729747772217,0.5077199935913086,-0.02279769442975521,0.721390962600708,0.47928449511528015,-0.028162693604826927,0.7973360419273376,0.4686574339866638,-0.0015180122572928667,0.7816039323806763,0.41811445355415344,-0.01123044639825821,0.773347020149231,0.3876861333847046,-0.02138013206422329,0.7667793035507202,0.36015212535858154,-0.029078271239995956,0.8266705870628357,0.4619506001472473,-0.005207387264817953,0.8247833847999573,0.40238484740257263,-0.012383490800857544,0.8207820057868958,0.3667343854904175,-0.021416086703538895,0.8159221410751343,0.3356666564941406,-0.02847430482506752,0.8534442782402039,0.4672163724899292,-0.01171916350722313,0.8580970764160156,0.4120747148990631,-0.020749030634760857,0.8578649163246155,0.37688159942626953,-0.027632329612970352,0.8551856279373169,0.34613141417503357,-0.032524000853300095,0.8776185512542725,0.48299098014831543,-0.0196129959076643,0.889516294002533,0.44149720668792725,-0.02758302353322506,0.8941898345947266,0.41431909799575806,-0.029736971482634544,0.8955845832824707,0.3895914554595947,-0.030968962237238884,0.5343899130821228,0.7414483428001404,-0.6237462759017944,0.6182354092597961,0.7268970608711243,-0.27809175848960876,0.48437976837158203,0.7171028256416321,-0.010742462240159512,0.5769650340080261,0.8006110787391663,-0.5298411250114441,0.5158442258834839,0.7936826944351196,-0.46738728880882263,0.7482768297195435,0.9959608316421509,-0.23340825736522675,0.38144779205322266,0.9482921361923218,0.16518044471740723,0.9932255744934082,1.0186083316802979,-0.7480355501174927,0.15652768313884735,0.9802576303482056,0.0946875810623169,0.5648623108863831,0.9721264839172363,-0.03411390632390976
17,-0.26595139503479004,-0.4129348397254944,-0.015533758327364922,-0.2237434983253479,-0.43168383836746216,-0.03190014138817787,-0.18704965710639954,-0.4648352861404419,-0.03835760056972504,-0.16172975301742554,-0.49250543117523193,-0.04439204931259155,-0.14515724778175354,-0.5158870220184326,-0.05057396739721298,-0.21110376715660095,-0.5409269332885742,-0.024329502135515213,-0.19459739327430725,-0.5887842178344727,-0.03638705611228943,-0.18523567914962769,-0.6191036105155945,-0.04777267947793007,-0.17787793278694153,-0.6461641788482666,-0.05598035454750061,-0.23677748441696167,-0.5538496375083923,-0.02582232654094696,-0.22532609105110168,-0.6107956171035767,-0.03587447106838226,-0.21660587191581726,-0.6472940444946289,-0.0464937686920166,-0.20919504761695862,-0.6782970428466797,-0.05431003496050835,-0.2646220028400421,-0.5535393953323364,-0.03002551570534706,-0.25966086983680725,-0.6107075214385986,-0.04194088280200958,-0.25431230664253235,-0.6473766565322876,-0.05167359486222267,-0.24867969751358032,-0.6783596277236938,-0.05805349722504616,-0.29315102100372314,-0.5425724983215332,-0.03578171133995056,-0.3000137209892273,-0.5858039259910583,-0.04794679582118988,-0.3031248450279236,-0.6139137744903564,-0.05365211144089699,-0.30476465821266174,-0.6376343369483948,-0.05671541765332222,0.2739885449409485,-0.36562544107437134,-0.015533851459622383,0.22693145275115967,-0.39494574069976807,-0.028220195323228836,0.19210714101791382,-0.43342697620391846,-0.034508127719163895,0.16965126991271973,-0.4658341407775879,-0.040599383413791656,0.15235430002212524,-0.49370279908180237,-0.046442050486803055,0.22728747129440308,-0.5046905875205994,-0.019392244517803192,0.21158206462860107,-0.5549774765968323,-0.029392994940280914,0.20331424474716187,-0.584904670715332,-0.03946973383426666,0.19741696119308472,-0.6124107241630554,-0.047153670340776443,0.2561801075935364,-0.5127872228622437,-0.022661419585347176,0.2527405023574829,-0.5725715160369873,-0.029898762702941895,0.24871838092803955,-0.6082193851470947,-0.03865433484315872,0.24501824378967285,-0.639593243598938,-0.045683637261390686,0.28330880403518677,-0.5088142156600952,-0.028697140514850616,0.2866591215133667,-0.56439608335495,-0.037613384425640106,0.2859724164009094,-0.5988780856132507,-0.04419802874326706,0.2834046483039856,-0.6283584833145142,-0.04903845861554146,0.30860382318496704,-0.4939420223236084,-0.036202773451805115,0.3192017078399658,-0.5357308387756348,-0.04435059428215027,0.32276540994644165,-0.5632534623146057,-0.046763624995946884,0.32296764850616455,-0.5882272124290466,-0.048253435641527176,-0.0318530797958374,-0.23573124408721924,-0.5269155502319336,0.04731917381286621,-0.2498232126235962,-0.2163638174533844,-0.08504641056060791,-0.25173038244247437,-0.004055405035614967,0.00833207368850708,-0.18093836307525635,-0.44356951117515564,-0.05159759521484375,-0.18224096298217773,-0.3881851136684418,0.18237805366516113,0.021494925022125244,-0.18286344408988953,-0.18237805366516113,-0.021494925022125244,0.18286344408988953,0.4288446307182312,0.02935504913330078,-0.6751623153686523,-0.3989548087120056,0.007319748401641846,0.13469313085079193,0.0,0.0,0.0
18,-0.27925610542297363,-0.4039934277534485,-0.018357548862695694,-0.23505058884620667,-0.42145007848739624,-0.03786854445934296,-0.19667252898216248,-0.4574633240699768,-0.044582806527614594,-0.17551735043525696,-0.49306389689445496,-0.05002604424953461,-0.1555548906326294,-0.5197740793228149,-0.055088166147470474,-0.2251453697681427,-0.5333008766174316,-0.026517322286963463,-0.20873373746871948,-0.5798674821853638,-0.036935288459062576,-0.20066019892692566,-0.6101939678192139,-0.04721082001924515,-0.1943117380142212,-0.6371753215789795,-0.05465428903698921,-0.25219306349754333,-0.5480530261993408,-0.025210224092006683,-0.24263375997543335,-0.6045509576797485,-0.03360670804977417,-0.23581591248512268,-0.6402420997619629,-0.04309363663196564,-0.22971948981285095,-0.6699813008308411,-0.05009803548455238,-0.280117928981781,-0.5495008230209351,-0.02687612734735012,-0.27547985315322876,-0.6030524969100952,-0.03689451515674591,-0.27160945534706116,-0.6372642517089844,-0.0449579656124115,-0.2671515643596649,-0.6650705337524414,-0.05028181150555611,-0.30938446521759033,-0.5397071838378906,-0.030460484325885773,-0.31541013717651367,-0.580999493598938,-0.04039999842643738,-0.3174150288105011,-0.6079764366149902,-0.044794756919145584,-0.31743085384368896,-0.6312811970710754,-0.04702404513955116,0.2574969530105591,-0.37773025035858154,-0.01835765689611435,0.20789003372192383,-0.40104180574417114,-0.02891593798995018,0.17137044668197632,-0.4374534487724304,-0.0335228368639946,0.14991605281829834,-0.4692457616329193,-0.038209833204746246,0.1330135464668274,-0.49333086609840393,-0.042891908437013626,0.20700740814208984,-0.5115097165107727,-0.019530143588781357,0.1912577748298645,-0.5590628385543823,-0.027514131739735603,0.1827603578567505,-0.5877513885498047,-0.03658076003193855,0.17583942413330078,-0.6127194762229919,-0.04353323206305504,0.23594224452972412,-0.5214178562164307,-0.02283392660319805,0.23188459873199463,-0.5795413255691528,-0.027468472719192505,0.22651582956314087,-0.6126381754875183,-0.03436174616217613,0.22093713283538818,-0.6405659317970276,-0.04020252823829651,0.2633970379829407,-0.518563985824585,-0.028773214668035507,0.26690155267715454,-0.5728778839111328,-0.034677498042583466,0.26498734951019287,-0.6049598455429077,-0.039848022162914276,0.26083141565322876,-0.631438136100769,-0.04423464462161064,0.2891085147857666,-0.5041228532791138,-0.03614421561360359,0.29988396167755127,-0.543993353843689,-0.04174712672829628,0.3017927408218384,-0.5703701972961426,-0.04312005639076233,0.2997899651527405,-0.5941023826599121,-0.04423898831009865,-0.04188352823257446,-0.23530590534210205,-0.5309177041053772,0.038689613342285156,-0.25235873460769653,-0.2273750752210617,-0.10072764754295349,-0.24555373191833496,-0.013780247420072556,-0.0011159777641296387,-0.18227922916412354,-0.4481509327888489,-0.059275805950164795,-0.18096405267715454,-0.39097878336906433,0.1834055781364441,0.015509188175201416,-0.18947012722492218,-0.1834055781364441,-0.015509247779846191,0.18947012722492218,0.4242592453956604,0.03214305639266968,-0.6980425715446472,-0.39764344692230225,0.013049185276031494,0.0408003106713295,0.0,0.0,0.0
19,0.26501262187957764,0.5697520971298218,3.2073310762825713e-07,0.3087563216686249,0.5548999309539795,-0.019963782280683517,0.34660977125167847,0.5192200541496277,-0.02809658832848072,0.3688642978668213,0.483217716217041,-0.03483263775706291,0.38929760456085205,0.4549693763256073,-0.04106951504945755,0.31734392046928406,0.4408078193664551,-0.011560683138668537,0.33654484152793884,0.3947705030441284,-0.02338091842830181,0.3465714752674103,0.3655109107494354,-0.034316278994083405,0.3542274832725525,0.34016019105911255,-0.041978444904088974,0.29105186462402344,0.42621761560440063,-0.010250176303088665,0.3019138276576996,0.37074247002601624,-0.01976640895009041,0.31041672825813293,0.33542922139167786,-0.02922617644071579,0.3176110088825226,0.30555540323257446,-0.03615850955247879,0.26371562480926514,0.4247327744960785,-0.011776278726756573,0.2683885097503662,0.37193551659584045,-0.022543979808688164,0.2726626992225647,0.34019744396209717,-0.02979322522878647,0.27737104892730713,0.31363266706466675,-0.03448930010199547,0.2357698380947113,0.4335329532623291,-0.015190241858363152,0.2287972867488861,0.3931041359901428,-0.025599109008908272,0.2271767258644104,0.36732757091522217,-0.02953992784023285,0.2274562120437622,0.3459811508655548,-0.03124370239675045,0.7961938381195068,0.581377387046814,2.0094401520509564e-07,0.7478883266448975,0.5577431321144104,-0.012295790016651154,0.7120169401168823,0.5193842649459839,-0.017509348690509796,0.6897163987159729,0.48507630825042725,-0.022869978100061417,0.6689627170562744,0.4609285593032837,-0.027873456478118896,0.7478804588317871,0.44661909341812134,0.0002776274341158569,0.732198178768158,0.39976614713668823,-0.008939284831285477,0.7222321033477783,0.37196850776672363,-0.019007088616490364,0.7130531072616577,0.34768426418304443,-0.026757901534438133,0.7760422825813293,0.4363495707511902,-0.0029799460899084806,0.7718751430511475,0.3789288401603699,-0.009655313566327095,0.7659634947776794,0.3455178737640381,-0.01811468042433262,0.7592383623123169,0.31642282009124756,-0.024900078773498535,0.8026809096336365,0.43841224908828735,-0.009333386085927486,0.806147038936615,0.38500237464904785,-0.017938241362571716,0.8038514256477356,0.3521825969219208,-0.023990318179130554,0.7988690137863159,0.3241843581199646,-0.028455007821321487,0.8278597593307495,0.4512611925601959,-0.01726924441754818,0.8379759788513184,0.411041796207428,-0.024882569909095764,0.8397945165634155,0.3847227692604065,-0.0269886776804924,0.8371157646179199,0.3610382676124573,-0.0284256748855114,0.5076745748519897,0.7295100092887878,-0.5316207408905029,0.5854358673095703,0.706550657749176,-0.2637123763561249,0.4438786506652832,0.7213811874389648,-0.007894093170762062,0.550258457660675,0.7809396982192993,-0.4594022333621979,0.4921456277370453,0.783783495426178,-0.37544316053390503,0.7406412959098816,0.9702561497688293,-0.2377127707004547,0.3688049614429474,0.9516977667808533,0.2208317220211029,0.9815195798873901,0.9981122612953186,-0.7849373817443848,0.15630075335502625,0.9856464862823486,0.09499955177307129,0.5547231435775757,0.9609769582748413,-0.008440524339675903
20,-0.286047101020813,-0.38645440340042114,0.008604710921645164,-0.2412729263305664,-0.4026198983192444,-0.008292263373732567,-0.20491641759872437,-0.44003039598464966,-0.013995194807648659,-0.18582192063331604,-0.4765782356262207,-0.018960019573569298,-0.1670396327972412,-0.5013958811759949,-0.02322663739323616,-0.23533272743225098,-0.5147724747657776,0.0020471615716814995,-0.21632036566734314,-0.563231348991394,-0.007308864966034889,-0.20630204677581787,-0.5929958820343018,-0.016377076506614685,-0.1984557807445526,-0.6182152628898621,-0.022672049701213837,-0.26151666045188904,-0.5288326740264893,0.0023029842413961887,-0.2507403492927551,-0.5885976552963257,-0.004855579696595669,-0.24358531832695007,-0.6288262009620667,-0.013206861913204193,-0.23716804385185242,-0.6632358431816101,-0.019165700301527977,-0.28833407163619995,-0.5309333205223083,-7.670000195503235e-05,-0.28415659070014954,-0.5870590209960938,-0.008722074329853058,-0.27927905321121216,-0.6187312602996826,-0.015744322910904884,-0.27382010221481323,-0.6449854373931885,-0.02013084664940834,-0.3157769441604614,-0.5227454900741577,-0.004175413399934769,-0.32490354776382446,-0.5634114742279053,-0.012726061046123505,-0.32890981435775757,-0.5885173082351685,-0.015798794105648994,-0.3313537836074829,-0.6095860600471497,-0.016919821500778198,0.24541079998016357,-0.3797205090522766,0.008604554459452629,0.1969660520553589,-0.40326380729675293,-0.004212683066725731,0.15963006019592285,-0.4428166151046753,-0.010086381807923317,0.13506674766540527,-0.477446973323822,-0.015950778499245644,0.11261433362960815,-0.5009294748306274,-0.02136934921145439,0.19001269340515137,-0.5151881575584412,0.008480697870254517,0.17174726724624634,-0.5620031356811523,-0.0014197872951626778,0.1611543893814087,-0.5902913808822632,-0.011808592826128006,0.15278375148773193,-0.6150802373886108,-0.019687864929437637,0.2184615135192871,-0.5274232029914856,0.005440622568130493,0.21197545528411865,-0.5831584334373474,-0.0020416947081685066,0.2062336802482605,-0.6169942617416382,-0.011074915528297424,0.20070135593414307,-0.6464580297470093,-0.018088698387145996,0.24556076526641846,-0.527226448059082,-0.0006982339546084404,0.24503016471862793,-0.5791311860084534,-0.010112036019563675,0.24202030897140503,-0.6121006011962891,-0.01645633764564991,0.2372492551803589,-0.6408575177192688,-0.020911462604999542,0.27138906717300415,-0.5161053538322449,-0.00839112140238285,0.2790350914001465,-0.5568463206291199,-0.016385618597269058,0.28083527088165283,-0.5838935375213623,-0.018446361646056175,0.27908051013946533,-0.6083993315696716,-0.019730359315872192,-0.0472865104675293,-0.23071938753128052,-0.5343974232673645,0.02651768922805786,-0.25698280334472656,-0.26032811403274536,-0.11404132843017578,-0.2361169457435608,-0.005351321771740913,-0.004278719425201416,-0.18134939670562744,-0.4586317539215088,-0.06210058927536011,-0.17575323581695557,-0.3726552128791809,0.18132078647613525,0.004468858242034912,-0.21289464831352234,-0.18132075667381287,-0.004468858242034912,0.21289464831352234,0.431246280670166,0.029430031776428223,-0.7444067597389221,-0.39374077320098877,0.02357316017150879,0.22803348302841187,0.0,0.0,0.0
21,-0.28436562418937683,-0.3853543996810913,0.011702686548233032,-0.23926523327827454,-0.4050377607345581,-0.005156511440873146,-0.20285451412200928,-0.44100940227508545,-0.011965882033109665,-0.18297457695007324,-0.47511616349220276,-0.01812833733856678,-0.16399890184402466,-0.5004096627235413,-0.02402539923787117,-0.2336173951625824,-0.5167240500450134,0.00325966440141201,-0.21504756808280945,-0.5646884441375732,-0.007343705743551254,-0.20507478713989258,-0.5950745940208435,-0.017391927540302277,-0.1972571611404419,-0.6214139461517334,-0.024407658725976944,-0.25923335552215576,-0.529676079750061,0.0028708772733807564,-0.24734121561050415,-0.5888791680335999,-0.005418002605438232,-0.24014222621917725,-0.6290823221206665,-0.01471923477947712,-0.23401421308517456,-0.6629036664962769,-0.021426532417535782,-0.28581932187080383,-0.5301148891448975,-5.07161021232605e-05,-0.28120964765548706,-0.5871073007583618,-0.009382195770740509,-0.2786073386669159,-0.6217715740203857,-0.01728994958102703,-0.27456527948379517,-0.6503371000289917,-0.0224887914955616,-0.31354331970214844,-0.5196191072463989,-0.00464799627661705,-0.3224973678588867,-0.5607225298881531,-0.014115417376160622,-0.32650381326675415,-0.5882719159126282,-0.018054073676466942,-0.3280673623085022,-0.6123608350753784,-0.01983029395341873,0.24624735116958618,-0.37837183475494385,0.0117025226354599,0.1984623670578003,-0.40110188722610474,-0.0008158199489116669,0.1625063419342041,-0.439064621925354,-0.0066083576530218124,0.13848811388015747,-0.47267311811447144,-0.012449359521269798,0.11736106872558594,-0.49733906984329224,-0.017755182459950447,0.19254940748214722,-0.5133807063102722,0.0106876315549016,0.17503416538238525,-0.5600460767745972,0.0008525168523192406,0.16430950164794922,-0.587556779384613,-0.009354697540402412,0.1552220582962036,-0.612246036529541,-0.017156092450022697,0.22017067670822144,-0.524820864200592,0.007506204769015312,0.2141798734664917,-0.5808525681495667,8.020550012588501e-05,0.20782005786895752,-0.615035891532898,-0.008642666041851044,0.20093387365341187,-0.6446582674980164,-0.015437416732311249,0.24658697843551636,-0.5236961245536804,0.0013120677322149277,0.2476654052734375,-0.576877772808075,-0.00822860561311245,0.24471694231033325,-0.6102906465530396,-0.01470186933875084,0.23903900384902954,-0.6388033032417297,-0.01920638233423233,0.2723296880722046,-0.5115410089492798,-0.0063712745904922485,0.282442569732666,-0.5530077219009399,-0.015121305361390114,0.2838171720504761,-0.5801604390144348,-0.017780069261789322,0.28075605630874634,-0.6040358543395996,-0.019363760948181152,-0.04417949914932251,-0.23330265283584595,-0.538876473903656,0.030461788177490234,-0.25915366411209106,-0.2550223171710968,-0.11101308465003967,-0.2339867353439331,-0.008311819285154343,-0.0031658411026000977,-0.1849522590637207,-0.4614507853984833,-0.06051403284072876,-0.1785096526145935,-0.375358909368515,0.18104702234268188,0.004342794418334961,-0.21935120224952698,-0.18104705214500427,-0.004342794418334961,0.21935120224952698,0.43214380741119385,0.02838897705078125,-0.717552661895752,-0.3917158246040344,0.02265411615371704,0.2046276032924652,0.0,0.0,0.0
22,0.270129531621933,0.5765902996063232,3.090669622451969e-07,0.3141535520553589,0.5564305782318115,-0.016928108409047127,0.35242846608161926,0.5179299116134644,-0.0247733723372221,0.3745652139186859,0.48174577951431274,-0.032054636627435684,0.39356839656829834,0.4532086253166199,-0.03959786146879196,0.3228393495082855,0.44521450996398926,-0.011231789365410805,0.3412601351737976,0.399167001247406,-0.02510639652609825,0.3517356514930725,0.3686850666999817,-0.03758241981267929,0.3598991334438324,0.34165850281715393,-0.0463762991130352,0.29739201068878174,0.43162620067596436,-0.012854519300162792,0.30811822414398193,0.37321919202804565,-0.025458771735429764,0.31646817922592163,0.33314573764801025,-0.038114700466394424,0.32284700870513916,0.29897820949554443,-0.04707597196102142,0.2701181173324585,0.43071404099464417,-0.016942638903856277,0.27725738286972046,0.37203073501586914,-0.030997877940535545,0.28480321168899536,0.3348453938961029,-0.04168872535228729,0.2918681204319,0.3050316572189331,-0.048297420144081116,0.24196963012218475,0.43981364369392395,-0.022362317889928818,0.23361727595329285,0.3940420150756836,-0.03550243750214577,0.2321348488330841,0.3648777902126312,-0.04134651646018028,0.2324167639017105,0.34231606125831604,-0.044221971184015274,0.7988905310630798,0.5876069068908691,1.5455384527740534e-07,0.7508084177970886,0.5658407807350159,-0.012592967599630356,0.7128282189369202,0.5278484225273132,-0.01848619431257248,0.6890146732330322,0.4934326112270355,-0.024217704311013222,0.6675546169281006,0.4687645733356476,-0.029378052800893784,0.7450518012046814,0.45399999618530273,-0.0026316752191632986,0.7284370064735413,0.4075338840484619,-0.012544529512524605,0.7185400724411011,0.3807222843170166,-0.022669203579425812,0.7094415426254272,0.35796216130256653,-0.030219852924346924,0.7735857963562012,0.4425378441810608,-0.00582602433860302,0.7671315670013428,0.38626813888549805,-0.012506437487900257,0.7610436081886292,0.353223979473114,-0.020756378769874573,0.7546732425689697,0.3254663050174713,-0.027226781472563744,0.800823450088501,0.4442949593067169,-0.011844483204185963,0.8012700080871582,0.3927205502986908,-0.020272566005587578,0.7995209097862244,0.36110466718673706,-0.02582770772278309,0.7952714562416077,0.33491942286491394,-0.02984861470758915,0.8270800113677979,0.4572351574897766,-0.01938013918697834,0.8349379897117615,0.41818535327911377,-0.026639709249138832,0.8366482853889465,0.3936280906200409,-0.02807757258415222,0.8350326418876648,0.37308192253112793,-0.02891010418534279,0.5048442482948303,0.7291648983955383,-0.5016787052154541,0.580093264579773,0.7036581635475159,-0.19129890203475952,0.4390365481376648,0.728959321975708,0.01576349325478077,0.5448607206344604,0.7775781750679016,-0.4173003137111664,0.4873254895210266,0.7837228178977966,-0.3568500280380249,0.7259652614593506,0.9667766690254211,-0.15831071138381958,0.3644483983516693,0.958435595035553,0.2240615338087082,0.9763551950454712,0.9917556643486023,-0.6402965188026428,0.15146788954734802,0.9888454675674438,0.12569715082645416,0.5452068448066711,0.9626061320304871,0.032875411212444305
23,-0.25833410024642944,-0.39407384395599365,0.010827104561030865,-0.21223217248916626,-0.4124738574028015,-0.002080831676721573,-0.1737939715385437,-0.4485971927642822,-0.007178179919719696,-0.15097424387931824,-0.4785824120044708,-0.012412628158926964,-0.1325855553150177,-0.5006151795387268,-0.01826353557407856,-0.2010570764541626,-0.5257788896560669,0.0034038308076560497,-0.18611359596252441,-0.5745987892150879,-0.008164528757333755,-0.17784985899925232,-0.6042214632034302,-0.018581677228212357,-0.1716654896736145,-0.6300976872444153,-0.025839045643806458,-0.22821423411369324,-0.538582444190979,0.000237233005464077,-0.21935886144638062,-0.5982185006141663,-0.009431280195713043,-0.2122696340084076,-0.6378766298294067,-0.019344817847013474,-0.2065219283103943,-0.6721609830856323,-0.026347294449806213,-0.25700753927230835,-0.5369182825088501,-0.00522540882229805,-0.2508728504180908,-0.5969997644424438,-0.017084071412682533,-0.24554410576820374,-0.6368236541748047,-0.02695390209555626,-0.23981302976608276,-0.6705063581466675,-0.03326137736439705,-0.2865304946899414,-0.5241979360580444,-0.01174718514084816,-0.2957184910774231,-0.569328784942627,-0.02393713966012001,-0.29789093136787415,-0.5982974767684937,-0.02900569513440132,-0.29741889238357544,-0.6220799684524536,-0.031399909406900406,0.2663832902908325,-0.36930984258651733,0.010826951824128628,0.21775156259536743,-0.3928300142288208,-0.00023848935961723328,0.17879873514175415,-0.4298449754714966,-0.00552406907081604,0.1552644968032837,-0.4631415009498596,-0.010900035500526428,0.1359025239944458,-0.4892192482948303,-0.01584571786224842,0.21153396368026733,-0.5027662515640259,0.007355957292020321,0.19350963830947876,-0.5513107180595398,-0.002889084629714489,0.18348461389541626,-0.5782161951065063,-0.012787174433469772,0.17422741651535034,-0.6022143363952637,-0.0201644916087389,0.24009400606155396,-0.5142245888710022,0.003403634764254093,0.23446553945541382,-0.5706271529197693,-0.003896282985806465,0.22973525524139404,-0.6031283736228943,-0.012225277721881866,0.22473710775375366,-0.6313382983207703,-0.01868068054318428,0.26675868034362793,-0.5121669173240662,-0.003169548697769642,0.2695368528366089,-0.5633516907691956,-0.012238534167408943,0.2689085602760315,-0.5950327515602112,-0.018788952380418777,0.26542311906814575,-0.6225622892379761,-0.023539576679468155,0.291837215423584,-0.49853116273880005,-0.011007765308022499,0.3032131791114807,-0.5356419086456299,-0.019233250990509987,0.3065608739852905,-0.5598320960998535,-0.02167876809835434,0.30608928203582764,-0.5816299915313721,-0.023163121193647385,-0.038721561431884766,-0.22689032554626465,-0.5520322918891907,0.03734081983566284,-0.2502642869949341,-0.22423583269119263,-0.10450607538223267,-0.23342496156692505,-0.049874357879161835,0.002108454704284668,-0.17239320278167725,-0.4603707194328308,-0.05566608905792236,-0.1718614101409912,-0.4122527539730072,0.18009519577026367,0.005066931247711182,-0.16848289966583252,-0.18009522557258606,-0.005066931247711182,0.16848289966583252,0.4317978024482727,0.03166753053665161,-0.6311616897583008,-0.39213913679122925,0.024735212326049805,0.1377299726009369,0.0,0.0,0.0
24,-0.23910057544708252,-0.41028034687042236,0.012587282806634903,-0.1947685182094574,-0.42010146379470825,0.00016731582581996918,-0.15418723225593567,-0.44838154315948486,-0.005016867071390152,-0.12953618168830872,-0.47471052408218384,-0.011055519804358482,-0.11105307936668396,-0.49816715717315674,-0.01716683618724346,-0.17563855648040771,-0.5449293851852417,0.012924554757773876,-0.15628454089164734,-0.5904756784439087,0.0028010569512844086,-0.14446991682052612,-0.6181143522262573,-0.00818360224366188,-0.1348963975906372,-0.6411561369895935,-0.01573285460472107,-0.20046529173851013,-0.5612736940383911,0.010426177643239498,-0.18591225147247314,-0.6151615977287292,0.003068717196583748,-0.1740420162677765,-0.6498281955718994,-0.0069820210337638855,-0.1636708378791809,-0.6773859262466431,-0.014241641387343407,-0.22845032811164856,-0.5655349493026733,0.005089547950774431,-0.22408026456832886,-0.6204818487167358,-0.003626059740781784,-0.2188335657119751,-0.6553214192390442,-0.012591168284416199,-0.21217909455299377,-0.6830198168754578,-0.018575485795736313,-0.2592957019805908,-0.558651328086853,-0.0017379270866513252,-0.2667113244533539,-0.6014388799667358,-0.009715357795357704,-0.26641881465911865,-0.6272723078727722,-0.013097967952489853,-0.26306813955307007,-0.6470365524291992,-0.014693034812808037,0.28468602895736694,-0.3551415205001831,0.012587054632604122,0.23685204982757568,-0.3839761018753052,0.0034750821068882942,0.19984960556030273,-0.42173635959625244,0.00023734942078590393,0.17779314517974854,-0.4539439082145691,-0.0036066174507141113,0.1599227786064148,-0.48052647709846497,-0.007158506661653519,0.23249351978302002,-0.49376028776168823,0.01411351002752781,0.2162211537361145,-0.5427093505859375,0.006215956993401051,0.20763355493545532,-0.5722176432609558,-0.0027328869327902794,0.20053857564926147,-0.5976934432983398,-0.00980718620121479,0.2613348960876465,-0.5028425455093384,0.009835928678512573,0.2564602494239807,-0.5600624084472656,0.004678159020841122,0.2526499629020691,-0.5942988991737366,-0.003282293677330017,0.24940979480743408,-0.6227403879165649,-0.009708680212497711,0.2885967493057251,-0.4995603859424591,0.003000747412443161,0.2915300726890564,-0.5518187284469604,-0.004215409979224205,0.291390061378479,-0.5851510763168335,-0.01084616407752037,0.2897458076477051,-0.6126946210861206,-0.015993991866707802,0.3142375349998474,-0.48520922660827637,-0.005077056586742401,0.32678651809692383,-0.5216096639633179,-0.011775882914662361,0.33074599504470825,-0.5460432767868042,-0.01389237865805626,0.3318057656288147,-0.5678443908691406,-0.015442494302988052,-0.008733570575714111,-0.23183929920196533,-0.5488131046295166,0.05832850933074951,-0.2521805763244629,-0.19362066686153412,-0.09160581231117249,-0.24090474843978882,-0.05668287351727486,0.02337479591369629,-0.17502659559249878,-0.4571206271648407,-0.03262019157409668,-0.17669445276260376,-0.4142482280731201,0.18492615222930908,0.007093906402587891,-0.1323755979537964,-0.18492615222930908,-0.007093906402587891,0.1323755979537964,0.4271259903907776,0.02876901626586914,-0.6206289529800415,-0.39673298597335815,0.026687145233154297,-0.09122763574123383,0.0,0.0,0.0
25,0.3273501694202423,0.5435998439788818,3.664248708901141e-07,0.37347570061683655,0.5374029874801636,-0.01430977787822485,0.41405659914016724,0.5133894681930542,-0.021415650844573975,0.44013234972953796,0.4908672571182251,-0.028928205370903015,0.4592321515083313,0.47106799483299255,-0.036231305450201035,0.39771324396133423,0.4212195873260498,-0.006289380602538586,0.42190632224082947,0.3773505687713623,-0.017855701968073845,0.43540292978286743,0.34809309244155884,-0.028362827375531197,0.4462325870990753,0.32288482785224915,-0.03543511778116226,0.3722691535949707,0.39915838837623596,-0.008665577508509159,0.3871628940105438,0.3423384130001068,-0.0175431240350008,0.3983326852321625,0.3048810660839081,-0.02641872502863407,0.40747663378715515,0.27298879623413086,-0.03251592442393303,0.34424808621406555,0.3916339874267578,-0.013608720153570175,0.3501984477043152,0.3366953730583191,-0.022945914417505264,0.35585498809814453,0.3041609525680542,-0.03003080189228058,0.3623456060886383,0.27817100286483765,-0.03435308486223221,0.31486883759498596,0.3957388401031494,-0.020240772515535355,0.3081330358982086,0.35199397802352905,-0.028515148907899857,0.30757319927215576,0.32373833656311035,-0.03100133128464222,0.3094455599784851,0.3020009994506836,-0.031562186777591705,0.8484135866165161,0.6110557913780212,1.829271667475041e-07,0.8019214272499084,0.5838770866394043,-0.011012120172381401,0.7677919864654541,0.5478401780128479,-0.016276465728878975,0.7471995949745178,0.5159128308296204,-0.02197011187672615,0.7297906279563904,0.48864561319351196,-0.027417637407779694,0.7999502420425415,0.47871747612953186,-0.0018249888671562076,0.7847135066986084,0.42942556738853455,-0.011570123955607414,0.7768728733062744,0.39960625767707825,-0.021094540134072304,0.7711225152015686,0.37305864691734314,-0.028318453580141068,0.8283247351646423,0.4714306890964508,-0.0061538140289485455,0.8255656957626343,0.413085401058197,-0.01300246361643076,0.8231661915779114,0.378110408782959,-0.02092832513153553,0.8211181163787842,0.34876373410224915,-0.027149178087711334,0.8553423285484314,0.47617900371551514,-0.013213170692324638,0.8587839007377625,0.42349377274513245,-0.02200615406036377,0.8598333597183228,0.3917323052883148,-0.02727930061519146,0.8593288064002991,0.3650614321231842,-0.031039154157042503,0.8810720443725586,0.4912480413913727,-0.02172032557427883,0.8919442892074585,0.4539377689361572,-0.029547899961471558,0.8968772888183594,0.4291365146636963,-0.03082589991390705,0.8988780379295349,0.40749838948249817,-0.031460877507925034,0.5805782675743103,0.7338469624519348,-0.535476565361023,0.6273478269577026,0.7158936858177185,-0.11493988335132599,0.47831130027770996,0.7211565375328064,-0.08575671911239624,0.5988354682922363,0.7904860377311707,-0.4214688837528229,0.5501203536987305,0.7888094186782837,-0.4216921329498291,0.7342539429664612,0.9764565825462341,-0.03843902796506882,0.3649800717830658,0.9584604501724243,0.044535160064697266,0.9765909314155579,0.9914165735244751,-0.520309329032898,0.1665048897266388,0.9872910976409912,-0.36058923602104187,0.5496169924736023,0.9674584865570068,0.0030480660498142242
26,-0.21937885880470276,-0.44266659021377563,0.01618589460849762,-0.17185837030410767,-0.4393036365509033,-0.0013600289821624756,-0.12553107738494873,-0.4653235077857971,-0.007637340575456619,-0.09678834676742554,-0.4968821704387665,-0.013209335505962372,-0.07934045791625977,-0.5244559049606323,-0.017975077033042908,-0.14348405599594116,-0.5542562007904053,0.009354779496788979,-0.12089413404464722,-0.600764274597168,-0.0020831413567066193,-0.10747304558753967,-0.6315023899078369,-0.012185357511043549,-0.09700322151184082,-0.6568760275840759,-0.01869407668709755,-0.16610142588615417,-0.5799272656440735,0.009507443755865097,-0.1520984172821045,-0.6408315300941467,-0.0003669857978820801,-0.14402905106544495,-0.6833467483520508,-0.010366007685661316,-0.13756316900253296,-0.7202727794647217,-0.01678594946861267,-0.19053420424461365,-0.5931789875030518,0.007015504874289036,-0.17702069878578186,-0.6499569416046143,-0.0035140644758939743,-0.1674962341785431,-0.6826056241989136,-0.010569890961050987,-0.15934255719184875,-0.7101389169692993,-0.014100208878517151,-0.21545228362083435,-0.595139741897583,0.002711287699639797,-0.20991316437721252,-0.6425670385360718,-0.0057201143354177475,-0.2038325071334839,-0.6697065234184265,-0.007531758397817612,-0.19737592339515686,-0.6897273659706116,-0.007144685834646225,0.305550217628479,-0.34839004278182983,0.016185780987143517,0.2586286664009094,-0.37716054916381836,0.005257470533251762,0.22372478246688843,-0.41383397579193115,-0.0004403982311487198,0.20363914966583252,-0.44525861740112305,-0.0067128986120224,0.18851697444915771,-0.47412410378456116,-0.012524647638201714,0.2564249634742737,-0.48321956396102905,0.012382790446281433,0.24256575107574463,-0.5347693562507629,0.0010584956035017967,0.23546969890594482,-0.5653878450393677,-0.008640604093670845,0.2304140329360962,-0.5934958457946777,-0.015434075146913528,0.2859193682670593,-0.48991188406944275,0.00836077332496643,0.2827237844467163,-0.5466035604476929,-0.0014318041503429413,0.28153717517852783,-0.5824204683303833,-0.010275935754179955,0.28108644485473633,-0.6123968362808228,-0.01639143005013466,0.31398850679397583,-0.4854828119277954,0.001736953854560852,0.3169214725494385,-0.531178891658783,-0.010475704446434975,0.3168085813522339,-0.5526580214500427,-0.01581702008843422,0.31493717432022095,-0.5695397257804871,-0.01780971884727478,0.34110718965530396,-0.4720475375652313,-0.00609252043068409,0.35054051876068115,-0.5115618109703064,-0.015310924500226974,0.3540228009223938,-0.5344448685646057,-0.016644187271595,0.3548545837402344,-0.5541523694992065,-0.016351815313100815,0.033052802085876465,-0.23538053035736084,-0.5156956911087036,0.08013761043548584,-0.25234633684158325,-0.10392316430807114,-0.06832998991012573,-0.24832814931869507,-0.07624828070402145,0.05109667778015137,-0.17890608310699463,-0.4016648232936859,0.004698753356933594,-0.1803220510482788,-0.4044119715690613,0.18343353271484375,0.011111736297607422,-0.04267527163028717,-0.18343347311019897,-0.011111676692962646,0.04267527163028717,0.4317747950553894,0.023426532745361328,-0.5432211756706238,-0.3797683119773865,0.016499578952789307,-0.39299869537353516,0.0,0.0,0.0
27,-0.20330992341041565,-0.43365931510925293,-0.03269720450043678,-0.1539362370967865,-0.4389525055885315,-0.05176802724599838,-0.10976463556289673,-0.46814021468162537,-0.05912042036652565,-0.08173719048500061,-0.5013006925582886,-0.06553491950035095,-0.058363914489746094,-0.5277787446975708,-0.07159446179866791,-0.13016372919082642,-0.5533245801925659,-0.04220680147409439,-0.1049201488494873,-0.6007307767868042,-0.05329727381467819,-0.08929756283760071,-0.6303951740264893,-0.06246218830347061,-0.07680052518844604,-0.6541798114776611,-0.06888343393802643,-0.1558191478252411,-0.5747357606887817,-0.04163593053817749,-0.13515400886535645,-0.6299300789833069,-0.051239870488643646,-0.12115222215652466,-0.6664341688156128,-0.06070706620812416,-0.10941824316978455,-0.6971992254257202,-0.06742903590202332,-0.1837332844734192,-0.5837334394454956,-0.044055402278900146,-0.17038902640342712,-0.6405869722366333,-0.05558617785573006,-0.16173264384269714,-0.6774664521217346,-0.06482671201229095,-0.15321633219718933,-0.7071851491928101,-0.07081480324268341,-0.21335986256599426,-0.581672191619873,-0.04816506803035736,-0.21401506662368774,-0.6277124881744385,-0.05996956303715706,-0.21241158246994019,-0.6546601057052612,-0.06569729000329971,-0.20925414562225342,-0.6756184697151184,-0.06864497065544128,0.32058125734329224,-0.3411809802055359,-0.03269735723733902,0.27349525690078735,-0.3711264729499817,-0.04314936324954033,0.23836129903793335,-0.40957576036453247,-0.0474298931658268,0.2175436019897461,-0.4414721727371216,-0.05212485045194626,0.2038348913192749,-0.47141167521476746,-0.05621949955821037,0.26944053173065186,-0.4785122275352478,-0.03429059311747551,0.2552303075790405,-0.5309017896652222,-0.04342003911733627,0.2493114471435547,-0.5610224008560181,-0.05147532746195793,0.24514520168304443,-0.5884922742843628,-0.0574207603931427,0.29867827892303467,-0.48489874601364136,-0.038025207817554474,0.29710638523101807,-0.5424474477767944,-0.04476065933704376,0.2970951199531555,-0.5767383575439453,-0.051995228976011276,0.2973635196685791,-0.6061201095581055,-0.057284481823444366,0.32633382081985474,-0.47921043634414673,-0.044419970363378525,0.33171337842941284,-0.5258152484893799,-0.0535878986120224,0.33438605070114136,-0.5528894066810608,-0.058906231075525284,0.3354451060295105,-0.5768835544586182,-0.06193408742547035,0.35216546058654785,-0.46389925479888916,-0.05205290764570236,0.3631015419960022,-0.4993288815021515,-0.059857599437236786,0.36876457929611206,-0.5217615962028503,-0.061202093958854675,0.37228626012802124,-0.5428106784820557,-0.061430756002664566,0.038937926292419434,-0.23335033655166626,-0.5034931302070618,0.08237463235855103,-0.24990081787109375,-0.0830557569861412,-0.06318053603172302,-0.24723368883132935,-0.09480160474777222,0.05670320987701416,-0.17685747146606445,-0.38909000158309937,0.011059224605560303,-0.17826592922210693,-0.39798682928085327,0.18194174766540527,0.011669635772705078,-0.02473786100745201,-0.18194174766540527,-0.011669576168060303,0.02473786100745201,0.43558913469314575,0.026369154453277588,-0.49000734090805054,-0.3780994713306427,0.018447279930114746,-0.36853939294815063,0.0,0.0,0.0
28,0.3528260886669159,0.5269931554794312,3.8781990951974876e-07,0.40352001786231995,0.5269919037818909,-0.020954031497240067,0.44881606101989746,0.5011683106422424,-0.03001287952065468,0.4777649939060211,0.46737223863601685,-0.037620704621076584,0.5010049939155579,0.43781718611717224,-0.04499369114637375,0.4301087558269501,0.4124974310398102,-0.012758059427142143,0.4560259282588959,0.3664800524711609,-0.02538749948143959,0.47221139073371887,0.3356437385082245,-0.035699669271707535,0.48534369468688965,0.3106038272380829,-0.04289271682500839,0.4043717086315155,0.3887568712234497,-0.011315638199448586,0.42571404576301575,0.334465891122818,-0.021626826375722885,0.43957239389419556,0.2993103563785553,-0.031123347580432892,0.451406329870224,0.26893025636672974,-0.03795754164457321,0.3755605220794678,0.3782942295074463,-0.012926563620567322,0.3901633322238922,0.32281294465065,-0.02502368576824665,0.39978912472724915,0.28730201721191406,-0.03378903865814209,0.40929847955703735,0.2574683129787445,-0.03951730951666832,0.34481510519981384,0.37808555364608765,-0.016375422477722168,0.3454878032207489,0.33211416006088257,-0.028975099325180054,0.349345326423645,0.304701566696167,-0.035021841526031494,0.3549988567829132,0.2834396958351135,-0.03814307972788811,0.8831561803817749,0.6280608773231506,2.372298979480547e-07,0.8347212672233582,0.5993215441703796,-0.011420061811804771,0.8000498414039612,0.5606768131256104,-0.015791215002536774,0.7800036668777466,0.5265933275222778,-0.020566675812005997,0.7662386894226074,0.49605754017829895,-0.02485872432589531,0.8353415131568909,0.492797315120697,-0.0008341753273271024,0.8216660618782043,0.4404928386211395,-0.010189455933868885,0.8148584365844727,0.4090043604373932,-0.018781285732984543,0.8096767663955688,0.38064104318618774,-0.025207456201314926,0.8638302683830261,0.48687899112701416,-0.004538772627711296,0.8628473281860352,0.4286668300628662,-0.011437985114753246,0.8625956773757935,0.39258527755737305,-0.019145721569657326,0.8627632856369019,0.36192548274993896,-0.024807175621390343,0.8909195065498352,0.49287858605384827,-0.011113866232335567,0.8973413705825806,0.44348418712615967,-0.020537476986646652,0.9010238647460938,0.4139533042907715,-0.025806477293372154,0.9032334685325623,0.3882075548171997,-0.02886977791786194,0.9163429141044617,0.5089609622955322,-0.019099630415439606,0.9277224540710449,0.4735276997089386,-0.027240609750151634,0.9346581101417542,0.4506889283657074,-0.028285721316933632,0.939706563949585,0.43015673756599426,-0.02831416018307209,0.5925694704055786,0.731001615524292,-0.4032626748085022,0.6400426626205444,0.7167742848396301,-0.00042699644109234214,0.49515634775161743,0.7168812155723572,0.01350984163582325,0.6124285459518433,0.7886976599693298,-0.29823678731918335,0.5646474361419678,0.7858019471168518,-0.29946479201316833,0.7406085729598999,0.9802401065826416,0.049606647342443466,0.3754010796546936,0.9545327425003052,0.09890438616275787,0.9972219467163086,0.9991850256919861,-0.38958701491355896,0.17778220772743225,0.9853451251983643,-0.237563818693161,0.5580048561096191,0.9673864245414734,0.07425551861524582
29,-0.20806336402893066,-0.4335908889770508,-0.0748191848397255,-0.15678861737251282,-0.4403373599052429,-0.09382259845733643,-0.11239239573478699,-0.46861058473587036,-0.1015138179063797,-0.08494967222213745,-0.503462553024292,-0.10817977786064148,-0.0618516206741333,-0.5315629243850708,-0.11439530551433563,-0.13325223326683044,-0.554466187953949,-0.08373288810253143,-0.10575267672538757,-0.600374698638916,-0.09473665058612823,-0.08987721800804138,-0.6305461525917053,-0.10432733595371246,-0.07750225067138672,-0.6557042598724365,-0.11115959286689758,-0.15889397263526917,-0.5767581462860107,-0.08334764093160629,-0.1347448229789734,-0.6300520896911621,-0.09234705567359924,-0.11971539258956909,-0.6639672517776489,-0.10130757838487625,-0.10666564106941223,-0.6932486891746521,-0.10773089528083801,-0.18796426057815552,-0.5867100358009338,-0.08600939065217972,-0.17292603850364685,-0.6430318355560303,-0.09695295244455338,-0.16268908977508545,-0.6780156493186951,-0.10481679439544678,-0.15199923515319824,-0.7066594362258911,-0.11000789701938629,-0.21998414397239685,-0.5852530002593994,-0.09042876958847046,-0.22156518697738647,-0.6317991614341736,-0.10158567875623703,-0.21823179721832275,-0.6591984033584595,-0.10609345883131027,-0.21195071935653687,-0.680486798286438,-0.10823160409927368,0.31995224952697754,-0.33641254901885986,-0.07481934130191803,0.27329206466674805,-0.3673422932624817,-0.086955726146698,0.23981153964996338,-0.4051182270050049,-0.09191416203975677,0.21984773874282837,-0.43861818313598633,-0.0969213917851448,0.20589947700500488,-0.46806201338768005,-0.101357102394104,0.27409565448760986,-0.47435474395751953,-0.07628091424703598,0.2603328227996826,-0.5263818502426147,-0.08559136837720871,0.2533937096595764,-0.5580362677574158,-0.09454041719436646,0.24875903129577637,-0.5862134695053101,-0.10110333561897278,0.30295538902282715,-0.4804699420928955,-0.07901816815137863,0.3019728660583496,-0.537165105342865,-0.08532100170850754,0.302280068397522,-0.5719489455223083,-0.09278913587331772,0.302925705909729,-0.6011407375335693,-0.09837771207094193,0.3299207091331482,-0.47475147247314453,-0.08463047444820404,0.3353884220123291,-0.5231753587722778,-0.09329242259263992,0.3379892110824585,-0.5515978932380676,-0.09845283627510071,0.33919239044189453,-0.5753265619277954,-0.10155057907104492,0.3546713590621948,-0.4590272903442383,-0.09172113239765167,0.3657599687576294,-0.4945114552974701,-0.09915915876626968,0.37182748317718506,-0.5165871381759644,-0.10019636154174805,0.37631654739379883,-0.5358889102935791,-0.10023541748523712,0.0305975079536438,-0.2375054955482483,-0.48164647817611694,0.07899653911590576,-0.25032442808151245,-0.07721191644668579,-0.06407389044761658,-0.25006091594696045,-0.05784019082784653,0.052185237407684326,-0.18022668361663818,-0.3765341639518738,0.004208683967590332,-0.1826816201210022,-0.37571951746940613,0.18263518810272217,0.013778090476989746,-0.02476021647453308,-0.18263524770736694,-0.013778090476989746,0.02476021647453308,0.4375406503677368,0.03284496068954468,-0.4748881161212921,-0.3817157447338104,0.013428092002868652,-0.3462260663509369,0.0,0.0,0.0
